date,quarter,num_components,raw_weight_coverage,index_iv,out_of_bounds,implied,realized,spread,zscore,position
2015-10-01,2015Q3,88,0.7588698167271939,0.20452,False,0.457101969902288,0.7520133211886815,-0.29491135128639345,,0
2015-10-02,2015Q3,88,0.7588698167271939,0.1878659999999999,False,0.402209725290746,0.7494622515282541,-0.3472525262375081,,0
2015-10-05,2015Q3,88,0.7588698167271939,0.1703879999999999,False,0.3848448364050627,0.7319226652960596,-0.347077828890997,,0
2015-10-06,2015Q3,88,0.7588698167271939,0.1716385,False,0.3794534419651077,0.6863351264232276,-0.30688168445811986,,0
2015-10-07,2015Q3,88,0.7588698167271939,0.1633775,False,0.3437134345769895,0.6805036657531834,-0.33679023117619394,,0
2015-10-08,2015Q3,89,0.7615460292526129,0.152171,False,0.3010887985406346,0.6266310990656423,-0.3255423005250077,,0
2015-10-09,2015Q3,89,0.7615460292526129,0.1459885,False,0.2906634168374714,0.601198970616387,-0.3105355537789157,,0
2015-10-12,2015Q3,127,0.8900994004994115,0.1431204999999999,False,0.3182447804714325,0.6078904564872502,-0.28964567601581764,,0
2015-10-13,2015Q3,127,0.8900994004994115,0.1514585,False,0.3534721194459416,0.6093312483458603,-0.2558591288999187,,0
2015-10-14,2015Q3,127,0.8900994004994115,0.1551779999999999,False,0.3608543438851755,0.5415933536600721,-0.1807390097748966,,0
2015-10-15,2015Q3,127,0.8900994004994115,0.138896,False,0.3185500760889905,0.5268314587789646,-0.20828138268997415,,0
2015-10-16,2015Q3,127,0.8900994004994115,0.1284155,False,0.2902008471402144,0.5282727975663493,-0.23807195042613488,,0
2015-10-19,2015Q3,126,0.8878116219647938,0.1285525,False,0.2979767556454477,0.5018304800938305,-0.2038537244483828,,0
2015-10-20,2015Q3,127,0.8900994004994115,0.132147,False,0.3087767547811961,0.4501656834449273,-0.1413889286637312,,0
2015-10-21,2015Q3,127,0.8900994004994115,0.145345,False,0.3534166970008929,0.4288951582633841,-0.07547846126249119,,0
2015-10-22,2015Q3,126,0.8878116219647938,0.1299334999999999,False,0.2923353075264883,0.4227702508954442,-0.1304349433689559,,0
2015-10-23,2015Q3,127,0.8900994004994115,0.1244935,False,0.3046899633077085,0.3975618559033931,-0.09287189259568462,,0
2015-10-26,2015Q3,127,0.8900994004994115,0.1318665,False,0.3326342695783768,0.3875117007662507,-0.054877431187873915,,0
2015-10-27,2015Q3,125,0.8777160197473675,0.1328295,False,0.3321524219859754,0.3700970709826113,-0.03794464899663591,,0
2015-10-28,2015Q3,125,0.8843275392146747,0.123608,False,0.3304449239438414,0.3685420980579286,-0.038097174114087196,,0
2015-10-29,2015Q3,126,0.8879358485687808,0.124779,False,0.3343634574128942,0.374173882046358,-0.03981042463346379,,0
2015-10-30,2015Q3,124,0.8784709934719439,0.1276975,False,0.3604410199389781,0.3479512294649903,0.012489790473987794,,0
2015-11-02,2015Q3,88,0.7579739429342038,0.117548,False,0.3066968336550597,0.3499281555581854,-0.04323132190312573,,0
2015-11-03,2015Q3,89,0.7615460292526129,0.1240935,False,0.3454640581617189,0.3304867931095549,0.014977265052163957,,0
2015-11-04,2015Q3,89,0.7615460292526129,0.12793,False,0.361079403255174,0.3301886496709058,0.030890753584268238,,0
2015-11-05,2015Q3,89,0.7615460292526129,0.126918,False,0.3462845325181609,0.3232884065729517,0.022996125945209167,,0
2015-11-06,2015Q3,89,0.7615460292526129,0.120619,False,0.3213277033993404,0.3269957992992528,-0.0056680958999124065,,0
2015-11-09,2015Q3,126,0.8878116219647938,0.138027,False,0.3913703901807492,0.2722561781565289,0.11911421202422029,,0
2015-11-10,2015Q3,127,0.8900994004994115,0.1314799999999999,False,0.3595971849416299,0.2745233251580515,0.0850738597835784,,0
2015-11-11,2015Q3,126,0.8878116219647938,0.135784,False,0.3803341080474522,0.2528240281428842,0.12751007990456803,,0
2015-11-12,2015Q3,127,0.8900994004994115,0.1547825,False,0.4524602647663805,0.2825359521889382,0.16992431257744234,,0
2015-11-13,2015Q3,127,0.8900994004994115,0.170538,False,0.4875309995163902,0.2876690233433191,0.19986197617307105,,0
2015-11-16,2015Q3,127,0.8900994004994115,0.155054,False,0.4128204720871106,0.2824799359405546,0.130340536146556,,0
2015-11-17,2015Q3,127,0.8900994004994115,0.1614775,False,0.4675516043341302,0.2830367010729217,0.18451490326120845,,0
2015-11-18,2015Q3,127,0.8900994004994115,0.1424455,False,0.4047930866677563,0.3027052702516051,0.10208781641615122,,0
2015-11-19,2015Q3,127,0.8900994004994115,0.142397,False,0.418023216080474,0.2983435530542009,0.11967966302627309,,0
2015-11-20,2015Q3,126,0.8868549630579728,0.131503,False,0.3829391530860408,0.2996805587635825,0.0832585943224583,,0
2015-11-23,2015Q3,127,0.8900994004994115,0.130869,False,0.3932772279171444,0.3006347980613849,0.09264242985575954,,0
2015-11-24,2015Q3,127,0.8900994004994115,0.129611,False,0.3854155751434869,0.2940684302800579,0.09134714486342899,,0
2015-11-25,2015Q3,127,0.8900994004994115,0.125012,False,0.3744527619388206,0.29729089782602,0.07716186411280063,,0
2015-11-27,2015Q3,127,0.8900994004994115,0.129036,False,0.3895969134219288,0.2834592869021051,0.10613762651982372,,0
2015-11-30,2015Q3,89,0.7615460292526129,0.1363225,False,0.4307367257506904,0.2998697136060643,0.1308670121446261,,0
2015-12-01,2015Q3,89,0.7615460292526129,0.121969,False,0.3630159606716431,0.308662898618171,0.05435306205347212,,0
2015-12-02,2015Q3,89,0.7615460292526129,0.1377789999999999,False,0.4269458532349502,0.3253047697833007,0.10164108345164952,,0
2015-12-03,2015Q3,89,0.7615460292526129,0.1555435,False,0.4780421809669455,0.3418925094115213,0.13614967155542423,,0
2015-12-04,2015Q3,89,0.7615460292526129,0.1251545,False,0.372551529806948,0.3739171087301525,-0.0013655789232044913,,0
2015-12-07,2015Q3,127,0.8900994004994115,0.1392605,False,0.4241807600385679,0.381267753727676,0.0429130063108919,,0
2015-12-08,2015Q3,127,0.8900994004994115,0.150108,False,0.4587998897969061,0.3902117774222219,0.06858811237468421,,0
2015-12-09,2015Q3,127,0.8900994004994115,0.1659904999999999,False,0.5189080974343978,0.3991465403293325,0.11976155710506531,,0
2015-12-10,2015Q3,127,0.8900994004994115,0.1651075,False,0.5410065783566411,0.3940034377592678,0.1470031405973733,,0
2015-12-11,2015Q3,127,0.8900994004994115,0.204255,False,0.6201150841404779,0.4287184314867984,0.1913966526536795,,0
2015-12-14,2015Q3,127,0.8900994004994115,0.190179,False,0.5270308580372662,0.4380234073048919,0.08900745073237432,,0
2015-12-15,2015Q3,127,0.8900994004994115,0.179157,False,0.5252496788845596,0.4269842166624797,0.09826546222207994,,0
2015-12-16,2015Q3,126,0.8834578058288117,0.1552919999999999,False,0.4776857853187906,0.4502294436221582,0.027456341696632358,,0
2015-12-17,2015Q3,127,0.8900994004994115,0.164804,False,0.5284866447035337,0.4678294578167658,0.060657186886767855,,0
2015-12-18,2015Q3,127,0.8900994004994115,0.18152,False,0.5819899405108517,0.4938845624408973,0.08810537806995444,,0
2015-12-21,2015Q3,126,0.8866153177492924,0.165474,False,0.5059941684344574,0.5162088498856962,-0.010214681451238716,,0
2015-12-22,2015Q3,125,0.8810552676329074,0.1481589999999999,False,0.4560515771833025,0.5126004622748578,-0.05654888509155526,,0
2015-12-23,2015Q3,127,0.8900994004994115,0.1359615,False,0.4295035262445315,0.5257432654584306,-0.09623973921389917,,0
2015-12-24,2015Q3,126,0.8874972170283069,0.1353154999999999,False,0.4252511803289088,0.5326950971092547,-0.10744391678034587,-0.5231526437613987,0
2015-12-28,2015Q3,89,0.7615460292526129,0.1477975,False,0.3774388408379229,0.5212341579480869,-0.14379531711016402,-0.7830910407111095,0
2015-12-29,2015Q3,89,0.7615460292526129,0.1388365,False,0.3525176008249053,0.5269127196121265,-0.1743951187872212,-1.0279993945931911,0
2015-12-30,2015Q3,89,0.7615460292526129,0.145444,False,0.3782919283805689,0.5188743899961916,-0.1405824616156227,-0.8576020137197081,0
2015-12-31,2015Q3,89,0.7615460292526129,0.157037,False,0.4147866226303127,0.5327761107924927,-0.11798948816217997,-0.7470762195811207,0
2016-01-04,2015Q4,88,0.7566337677025747,0.18147,False,0.4205154485980214,0.5528833970299658,-0.13236794843194438,-0.9085495433870505,0
2016-01-05,2015Q4,88,0.7566337677025747,0.169958,False,0.389681120896978,0.5593271401386396,-0.16964601924166162,-1.245165394711274,0
2016-01-06,2015Q4,88,0.7566337677025747,0.184016,False,0.4150699634426359,0.5615419766972738,-0.14647201325463788,-1.1310532352301028,0
2016-01-07,2015Q4,88,0.7566337677025747,0.2148895,False,0.4569144864912023,0.5871623773500335,-0.1302478908588312,-1.061717720270249,0
2016-01-08,2015Q4,88,0.7566337677025747,0.2273425,False,0.5139207690818282,0.588473171541299,-0.07455240245947081,-0.6524839625573376,0
2016-01-11,2015Q4,125,0.8833462431514046,0.2048019999999999,False,0.4706117070111237,0.5798023436415226,-0.10919063663039891,-0.9696152603652949,0
2016-01-12,2015Q4,125,0.8833462431514046,0.1867165,False,0.4174743720773204,0.5791495233616282,-0.16167515128430776,-1.4442764207667163,0
2016-01-13,2015Q4,125,0.8833462431514046,0.222754,False,0.5114913858714297,0.6002848211030493,-0.08879343523161953,-0.8596540883066943,0
2016-01-14,2015Q4,125,0.8833462431514046,0.2113215,False,0.5010145091965571,0.605988698444848,-0.10497418924829094,-1.0433929389202579,0
2016-01-15,2015Q4,125,0.8833462431514046,0.2327255,False,0.4954557782589796,0.6166885815212972,-0.12123280326231767,-1.2010813657829869,0
2016-01-19,2015Q4,125,0.8833462431514046,0.2180155,False,0.5061317978253186,0.6080288339104196,-0.10189703608510103,-1.0144625984806392,0
2016-01-20,2015Q4,125,0.8833462431514046,0.2378994999999999,False,0.5180390797577159,0.5726982283174616,-0.05465914855974574,-0.597582376418606,0
2016-01-21,2015Q4,126,0.8854857225421914,0.235315,False,0.555039389449507,0.5669324735691245,-0.011893084119617425,-0.21336148239286823,0
2016-01-22,2015Q4,125,0.8833462431514046,0.1934945,False,0.4500190977068897,0.5795780115863923,-0.12955891387950264,-1.2913911936574833,0
2016-01-25,2015Q4,126,0.8854857225421914,0.213116,False,0.4976700188467587,0.5841930991290792,-0.08652308028232053,-0.8800450241923209,0
2016-01-26,2015Q4,125,0.8833462431514046,0.200442,False,0.469409288166513,0.5864947490702036,-0.1170854609036906,-1.1390018024429043,0
2016-01-27,2015Q4,125,0.8833462431514046,0.2098795,False,0.5094603608045415,0.5605998633660294,-0.051139502561487915,-0.5337707446151783,0
2016-01-28,2015Q4,125,0.8833462431514046,0.198351,False,0.4655369416753564,0.5292184172597622,-0.06368147558440573,-0.6345645845583616,0
2016-01-29,2015Q4,124,0.8803889634947889,0.17895,False,0.4799946840554666,0.5389890641684915,-0.05899438011302488,-0.5887523038139179,0
2016-02-01,2015Q4,88,0.7566337677025747,0.18039,False,0.4589070040798194,0.5210265266895995,-0.0621195226097801,-0.6036190911977428,0
2016-02-02,2015Q4,88,0.7566337677025747,0.201011,False,0.5141106022760283,0.5261377092204725,-0.0120271069444442,-0.14305335961085033,0
2016-02-03,2015Q4,88,0.7566337677025747,0.198437,False,0.4759518694854083,0.4940545487796412,-0.018102679294232926,-0.19192829217879392,0
2016-02-04,2015Q4,88,0.7566337677025747,0.1979675,False,0.4887226057227318,0.4790460057414074,0.009676599981324419,0.05766114218436505,0
2016-02-05,2015Q4,88,0.7566337677025747,0.215908,False,0.4969904477451689,0.4754186348484273,0.021571812896741593,0.18196022853794794,0
2016-02-08,2015Q4,125,0.8833462431514046,0.2381205,False,0.526476874204954,0.4561553310346831,0.07032154317027095,0.6314350225139611,0
2016-02-09,2015Q4,125,0.8833462431514046,0.2415824999999999,False,0.5314067732027369,0.448630107390666,0.08277666581207088,0.7574971759871099,0
2016-02-10,2015Q4,126,0.8854857225421914,0.2389415,False,0.5466753607366892,0.4428979844678523,0.10377737626883693,0.9742959753179528,0
2016-02-11,2015Q4,126,0.8854857225421914,0.256945,False,0.555185541757288,0.4202410063025858,0.13494453545470214,1.2970811982983474,1
2016-02-12,2015Q4,126,0.8854857225421914,0.22857,False,0.5325453104354249,0.4365318609280669,0.09601344950735796,0.9380734831978259,1
2016-02-16,2015Q4,126,0.8854857225421914,0.21011,False,0.5174505818210147,0.4480677366010969,0.06938284521991778,0.7185669790127861,1
2016-02-17,2015Q4,126,0.8854857225421914,0.195268,False,0.5185650478205572,0.4523540611668565,0.06621098665370073,0.696959379791109,1
2016-02-18,2015Q4,126,0.8854857225421914,0.190654,False,0.497032371362385,0.4518118810121546,0.0452204903502304,0.5079750467450885,1
2016-02-19,2015Q4,126,0.8854857225421914,0.1798965,False,0.4834957900753779,0.4512801219414518,0.03221566813392612,0.3891365537191471,1
2016-02-22,2015Q4,126,0.8854857225421914,0.167841,False,0.4571094674280685,0.4365393496311415,0.020570117796927023,0.2868527677469925,1
2016-02-23,2015Q4,125,0.8833462431514046,0.184941,False,0.5149016253357822,0.4385498622778585,0.07635176305792368,0.8541241033910036,1
2016-02-24,2015Q4,125,0.8833462431514046,0.1861395,False,0.5095044998762807,0.4428391311228692,0.06666536875341145,0.7590519796733354,1
2016-02-25,2015Q4,124,0.8796010215863069,0.1712135,False,0.4677867711872648,0.4460524745040239,0.021734296683240895,0.3217548995282053,1
2016-02-26,2015Q4,124,0.8769396494602781,0.1739959999999999,False,0.4946862383840316,0.4158007666042476,0.078885471779784,0.9255503309344459,1
2016-02-29,2015Q4,88,0.7566337677025747,0.1799915,False,0.5180136471282203,0.4101101875371223,0.10790345959109798,1.2059266525528844,1
2016-03-01,2015Q4,88,0.7566337677025747,0.1552915,False,0.4578756927927973,0.4150476509708852,0.04282804182191208,0.5533211625714681,1
2016-03-02,2015Q4,88,0.7566337677025747,0.147863,False,0.4309110182177914,0.420134764120767,0.010776254097024374,0.24817130431675682,1
2016-03-03,2015Q4,88,0.7566337677025747,0.14633,False,0.4354092689633555,0.4176498667787923,0.017759402184563233,0.3182618853027451,1
2016-03-04,2015Q4,88,0.7566337677025747,0.145757,False,0.4443336407789781,0.4227116721355396,0.02162196864343846,0.3633896583690228,1
2016-03-07,2015Q4,125,0.8833462431514046,0.1533594999999999,False,0.4613928491160696,0.4053054825663895,0.05608736654968011,0.7309879098159046,1
2016-03-08,2015Q4,125,0.8833462431514046,0.1661845,False,0.5068162703133138,0.3961945905058096,0.1106216798075042,1.3126576484762453,1
2016-03-09,2015Q4,125,0.8833462431514046,0.1631165,False,0.4927999021068534,0.3907291086307848,0.10207079347606862,1.244714886562466,1
2016-03-10,2015Q4,125,0.8833462431514046,0.1585085,False,0.4736252754646184,0.3934512685957243,0.08017400686889409,1.0649941317722376,1
2016-03-11,2015Q4,125,0.8833462431514046,0.1417145,False,0.4335377975181674,0.4251143110212694,0.008423486496898003,0.2863721141952758,1
2016-03-14,2015Q4,125,0.8833462431514046,0.144837,False,0.4276262463230202,0.4146358700003005,0.01299037632271971,0.35843100345542206,1
2016-03-15,2015Q4,124,0.8769396494602781,0.148509,False,0.4442656953311625,0.4177476376123609,0.026518057718801613,0.5126120594427848,1
2016-03-16,2015Q4,125,0.8833462431514046,0.135553,False,0.4106451119361141,0.3895314790568633,0.021113632879250777,0.46099841362645766,1
2016-03-17,2015Q4,125,0.8833462431514046,0.126997,False,0.3730703693393056,0.4076818053152028,-0.03461143597589722,-0.15516456573361168,0
2016-03-18,2015Q4,124,0.8769396494602781,0.1195835,False,0.3462430412543991,0.4147795567996575,-0.06853651554525841,-0.5358486656308417,0
2016-03-21,2015Q4,124,0.8775567895085271,0.1209595,False,0.3064017683128794,0.392699764327425,-0.08629799601454557,-0.7330803485576557,0
2016-03-22,2015Q4,124,0.8809027889723944,0.122851,False,0.3114156592452226,0.3950631948566679,-0.08364753561144533,-0.7063017677190037,0
2016-03-23,2015Q4,124,0.8769396494602781,0.130271,False,0.3438372975936685,0.4095374912310445,-0.065700193637376,-0.5102015936621598,0
2016-03-24,2015Q4,124,0.8808647947888346,0.12919,False,0.3316793492745591,0.4149074466801664,-0.08322809740560727,-0.7350278317684401,0
2016-03-28,2015Q4,88,0.7566337677025747,0.135505,False,0.3055412249851572,0.4302024855159996,-0.12466126053084242,-1.251456685852068,0
2016-03-29,2015Q4,88,0.7566337677025747,0.120377,False,0.2440209878341761,0.4106517620678236,-0.1666307742336475,-1.7333324714755167,0
2016-03-30,2015Q4,88,0.7566337677025747,0.117485,False,0.2488529306781572,0.391081410913772,-0.14222848023561482,-1.4303174948847284,0
2016-03-31,2015Q4,88,0.7566337677025747,0.1228175,False,0.2646710886634226,0.3759559939772715,-0.11128490531384888,-1.0754194317197165,0
2016-04-01,2016Q1,88,0.7528879419174644,0.112426,False,0.2310711166743305,0.3660832702118171,-0.13501215353748658,-1.3781852360488267,0
2016-04-04,2016Q1,88,0.7528879419174644,0.123064,False,0.2726529906607379,0.3664510840913259,-0.09379809343058798,-0.9071973200718568,0
2016-04-05,2016Q1,88,0.7528879419174644,0.1369945,False,0.30954792047269,0.3635178879158907,-0.053969967443200706,-0.4459813253404925,0
2016-04-06,2016Q1,88,0.7528879419174644,0.1232699999999999,False,0.2550086340492651,0.3402479180333829,-0.08523928398411779,-0.8269657167266742,0
2016-04-07,2016Q1,88,0.7528879419174644,0.142937,False,0.3101175625914945,0.3719867462743946,-0.06186918368290012,-0.5542874366139302,0
2016-04-08,2016Q1,88,0.7528879419174644,0.134244,False,0.2910442646008968,0.3631210633344051,-0.07207679873350831,-0.716105949303223,0
2016-04-11,2016Q1,126,0.8841496589492785,0.139868,False,0.3376904215456231,0.3651713589700294,-0.02748093742440627,-0.1647488651753162,0
2016-04-12,2016Q1,126,0.8841496589492785,0.1301125,False,0.30140561192513,0.3585209434324323,-0.0571153315073023,-0.5584158738206908,0
2016-04-13,2016Q1,126,0.8841496589492785,0.118681,False,0.2615900105709205,0.2812003455842918,-0.019610335013371283,-0.09853566651860123,0
2016-04-14,2016Q1,126,0.8841496589492785,0.1173935,False,0.2621578827357126,0.2831666450709405,-0.021008762335227915,-0.13614194015392317,0
2016-04-15,2016Q1,126,0.8841496589492785,0.115816,False,0.2578415877141556,0.2874204947194536,-0.029578907005297972,-0.2559465414758513,0
2016-04-18,2016Q1,126,0.8841496589492785,0.114526,False,0.2700429587356117,0.2926692041461382,-0.02262624541052649,-0.16110943685574983,0
2016-04-19,2016Q1,124,0.8780201548472336,0.114232,False,0.2721417691716098,0.2956316284742716,-0.023489859302661786,-0.20038557054508674,0
2016-04-20,2016Q1,126,0.8841496589492785,0.114244,False,0.2726745063500624,0.2666807579355649,0.005993748414497513,0.1808166305405159,0
2016-04-21,2016Q1,126,0.8841496589492785,0.1194005,False,0.285006473848323,0.2735647631921143,0.011441710656208692,0.23059501684600214,0
2016-04-22,2016Q1,126,0.8841496589492785,0.114586,False,0.2909244903784473,0.2528060555928638,0.03811843478558352,0.5831364686220946,0
2016-04-25,2016Q1,126,0.8841496589492785,0.121867,False,0.3223162465072773,0.2195421718642103,0.10277407464306701,1.4317740607866463,1
2016-04-26,2016Q1,124,0.8766955386063414,0.123109,False,0.3352854774137243,0.2171681519639695,0.11811732544975478,1.5771679766137148,1
2016-04-27,2016Q1,124,0.8766955386063414,0.1206865,False,0.3460602822449177,0.2071456324436842,0.1389146498012335,1.7761867037554884,1
2016-04-28,2016Q1,125,0.8815378265871603,0.13399,False,0.4064453801621325,0.2287708431407794,0.1776745370213531,2.158897190211023,1
2016-04-29,2016Q1,125,0.8801739625126394,0.138808,False,0.4212907092430161,0.2243629340613957,0.19692777518162038,2.255536185883453,1
2016-05-02,2016Q1,89,0.7573828381892233,0.126715,False,0.3763774656184826,0.2355386078599301,0.1408388577585525,1.513022324942372,1
2016-05-03,2016Q1,89,0.7573828381892233,0.1352425,False,0.4102682272221655,0.2440794241530895,0.166188803069076,1.740439923565069,1
2016-05-04,2016Q1,89,0.7573828381892233,0.1416164999999999,False,0.4330885234439113,0.2497441891642697,0.1833443342796416,1.8662103055730392,1
2016-05-05,2016Q1,89,0.7573828381892233,0.141578,False,0.4398112120804108,0.2449959984733464,0.19481521360706439,1.920050196168856,1
2016-05-06,2016Q1,89,0.7573828381892233,0.130344,False,0.3955350433674053,0.2497010302826095,0.1458340130847958,1.3603025842588843,1
2016-05-09,2016Q1,126,0.8841496589492785,0.130538,False,0.4022379133170956,0.2484409718839083,0.15379694143318728,1.4371355661834582,1
2016-05-10,2016Q1,126,0.8841496589492785,0.118839,False,0.3585912768798622,0.2638852457799903,0.09470603109987191,0.7950401861654304,1
2016-05-11,2016Q1,126,0.8841496589492785,0.129498,False,0.4147954043507471,0.2718990693777303,0.1428963349730168,1.2899270012839334,1
2016-05-12,2016Q1,126,0.8841496589492785,0.124605,False,0.3798007480785033,0.2694842707899414,0.11031647728856186,0.9268393307334627,1
2016-05-13,2016Q1,126,0.8841496589492785,0.1319854999999999,False,0.4049006824919995,0.2763249551590023,0.12857572733299721,1.0960472107053736,1
2016-05-16,2016Q1,126,0.8841496589492785,0.1273925,False,0.3814749194521467,0.2953506026129955,0.08612431683915117,0.6353554271518308,1
2016-05-17,2016Q1,126,0.8841496589492785,0.137189,False,0.4270711349132863,0.2976379897493201,0.1294331451639662,1.0622707199216557,1
2016-05-18,2016Q1,126,0.8841496589492785,0.138344,False,0.4313407348760699,0.2716667357992447,0.15967399907682517,1.3449941993493313,1
2016-05-19,2016Q1,126,0.8841496589492785,0.142036,False,0.4642940515220119,0.2388029653321854,0.22549108618982652,1.9326332582623016,1
2016-05-20,2016Q1,125,0.8771865469656098,0.1253955,False,0.4148441416812391,0.2412312841499752,0.17361285753126393,1.3675573179881841,1
2016-05-23,2016Q1,125,0.8771865469656098,0.138366,False,0.485598313885583,0.2407485266790491,0.2448497872065339,1.9730122295032422,1
2016-05-24,2016Q1,125,0.8815378265871603,0.1243539999999999,False,0.428283468434308,0.252656642480721,0.17562682595358697,1.2913748937578697,1
2016-05-25,2016Q1,124,0.879026784791825,0.1158535,False,0.3896252352470444,0.2523874407045993,0.1372377945424451,0.9095260233449896,1
2016-05-26,2016Q1,123,0.8747297436943174,0.1129,False,0.3849438434016013,0.2528920666393007,0.13205177676230062,0.8377368168216712,1
2016-05-27,2016Q1,123,0.8747297436943174,0.1057444999999999,False,0.3486455558147551,0.257476169801581,0.09116938601317409,0.44667766952866117,1
2016-05-31,2016Q1,89,0.7573828381892233,0.1194129999999999,False,0.4003689929633596,0.2483296354094393,0.15203935755392028,0.9823666969118586,1
2016-06-01,2016Q1,89,0.7573828381892233,0.1191975,False,0.3986114543717411,0.257032891933252,0.1415785624384891,0.8675613113318873,1
2016-06-02,2016Q1,89,0.7573828381892233,0.1138695,False,0.3736348715303593,0.2621449063196502,0.11148996521070909,0.592719300734357,1
2016-06-03,2016Q1,89,0.7573828381892233,0.1127674999999999,False,0.3786461040929452,0.2640498628342101,0.11459624125873508,0.6184927987675646,1
2016-06-06,2016Q1,126,0.8841496589492785,0.114134,False,0.3999849824449262,0.2852803688700286,0.11470461357489758,0.6127331232525429,1
2016-06-07,2016Q1,126,0.8841496589492785,0.1144699999999999,False,0.4090273384738512,0.280688685509992,0.1283386529638592,0.7161543426174933,1
2016-06-08,2016Q1,126,0.8841496589492785,0.114795,False,0.4161385420740259,0.2862258786046175,0.12991266346940838,0.7103165307985329,1
2016-06-09,2016Q1,126,0.8841496589492785,0.1190875,False,0.4338030134269984,0.3034678625309243,0.13033515089607411,0.6958809911216608,1
2016-06-10,2016Q1,126,0.8841496589492785,0.1396865,False,0.521202876092094,0.2996287172036835,0.22157415888841053,1.460421145540866,1
2016-06-13,2016Q1,126,0.8841496589492785,0.1651989999999999,False,0.584314132942982,0.3279827486365537,0.25633138430642827,1.6911898531649052,1
2016-06-14,2016Q1,125,0.8807053810179272,0.1692725,False,0.5819233047333208,0.3151408462775512,0.2667824584557696,1.7079121885117683,1
2016-06-15,2016Q1,126,0.8841496589492785,0.165288,False,0.5737339973108658,0.3081598559365814,0.2655741413742844,1.6334235601617526,1
2016-06-16,2016Q1,126,0.8841496589492785,0.1566435,False,0.5286701762976588,0.3069557664021372,0.2217144098955216,1.2217689588413314,1
2016-06-17,2016Q1,125,0.8807053810179272,0.1594479999999999,False,0.5578076917605407,0.3102813759905332,0.2475263157700075,1.3909169380323692,1
2016-06-20,2016Q1,124,0.879026784791825,0.150689,False,0.5090480371170618,0.3118739058558115,0.19717413126125033,0.934852071243045,1
2016-06-21,2016Q1,126,0.8841496589492785,0.1537375,False,0.5287205402012232,0.3160006031156309,0.21271993708559228,1.0398501770624824,1
2016-06-22,2016Q1,126,0.8841496589492785,0.1721774999999999,False,0.6054100313840797,0.2854010679498543,0.32000896343422536,1.928222747042928,1
2016-06-23,2016Q1,125,0.8807053810179272,0.139811,False,0.453872502478425,0.304978455234186,0.148894047244239,0.3916979817838954,1
2016-06-24,2016Q1,125,0.8807053810179272,0.1992055,False,0.60721411398702,0.4730540855213441,0.13416002846567587,0.22670886577027047,1
2016-06-27,2016Q1,90,0.7623412808322791,0.197872,False,0.4986388952322831,0.4885270204540501,0.010111874778232999,-1.0159819067295668,0
2016-06-28,2016Q1,90,0.7623412808322791,0.1607394999999999,False,0.4124864503213177,0.5106132614282753,-0.09812681110695765,-2.0836942685094164,0
2016-06-29,2016Q1,90,0.7623412808322791,0.1419075,False,0.3681615559245024,0.531902009194736,-0.16374045327023357,-2.6114882514104503,0
2016-06-30,2016Q1,90,0.7623412808322791,0.1299345,False,0.3303499736903165,0.5531426623489561,-0.22279268865863966,-2.989453567201419,0
2016-07-01,2016Q2,89,0.7576275595858949,0.1222395,False,0.3031637260959412,0.5795638073822237,-0.27640008128628246,-3.190192757018285,0
2016-07-05,2016Q2,89,0.7576275595858949,0.1337175,False,0.3255684556192554,0.5827410244475002,-0.2571725688282448,-2.841016951232863,0
2016-07-06,2016Q2,89,0.7576275595858949,0.1268405,False,0.2897299260688317,0.5841029835897658,-0.29437305752093407,-2.893942307172829,0
2016-07-07,2016Q2,90,0.7627071051389204,0.1254424999999999,False,0.2792428750204306,0.5634260342263725,-0.2841831592059419,-2.6467191650689514,0
2016-07-08,2016Q2,90,0.7627071051389204,0.105493,False,0.2287277677963194,0.5761488216283912,-0.3474210538320718,-2.8459140974575408,0
2016-07-11,2016Q2,129,0.8914763117857241,0.1115515,False,0.2855098089472506,0.5010521866442804,-0.21554237769702983,-1.9088837521406217,0
2016-07-12,2016Q2,129,0.8914763117857241,0.109028,False,0.2835518295254838,0.4931701421645111,-0.2096183126390273,-1.8075435825231896,0
2016-07-13,2016Q2,129,0.8914763117857241,0.105881,False,0.2649197752367142,0.4950738613406468,-0.23015408610393262,-1.8621095161728367,0
2016-07-14,2016Q2,129,0.8914763117857241,0.103202,False,0.2573464860078541,0.4952274067608262,-0.23788092075297212,-1.8374402408937052,0
2016-07-15,2016Q2,128,0.8878635623006864,0.1005105,False,0.2564685816345936,0.5039968735611162,-0.24752829192652265,-1.8178436511231415,0
2016-07-18,2016Q2,127,0.8853576604866112,0.1036604999999999,False,0.2747914648459256,0.5078258893419689,-0.23303442449604334,-1.6716850769873517,0
2016-07-19,2016Q2,127,0.8853576604866112,0.1005415,False,0.2563156040893403,0.5065926780609998,-0.25027707397165955,-1.6976393583949896,0
2016-07-20,2016Q2,128,0.888970409971649,0.099683,False,0.2654179159707763,0.5038095181906677,-0.23839160221989136,-1.5683956501933145,0
2016-07-21,2016Q2,128,0.8878635623006864,0.1059255,False,0.2924046938094738,0.4999094392060078,-0.20750474539653396,-1.354370162331173,0
2016-07-22,2016Q2,128,0.888970409971649,0.096885,False,0.2661079250086773,0.4972643517839698,-0.23115642677529252,-1.4232419121522546,0
2016-07-25,2016Q2,128,0.8889780694058858,0.10692,False,0.3083989793587069,0.4854480596706474,-0.1770490803119405,-1.1060945874114296,0
2016-07-26,2016Q2,127,0.8864721675918107,0.107464,False,0.3147990931197799,0.471700548698178,-0.15690145557839813,-0.9701225746714525,0
2016-07-27,2016Q2,128,0.8878635623006864,0.1058075,False,0.315286610928609,0.4531436246215668,-0.13785701369295783,-0.845904652523434,0
2016-07-28,2016Q2,127,0.8865064247853236,0.1054725,False,0.3221388617027247,0.4441100012925845,-0.12197113958985978,-0.7400990856774156,0
2016-07-29,2016Q2,127,0.8830467002861863,0.0969295,False,0.3233286088742846,0.4407198165056,-0.11739120763131539,-0.6923399726576934,0
2016-08-01,2016Q2,91,0.7681301256855426,0.104375,False,0.3464619537565039,0.5016632324898342,-0.15520127873333034,-0.8561394898374436,0
2016-08-02,2016Q2,91,0.7681301256855426,0.113107,False,0.3872973135997919,0.4937210803278901,-0.10642376672809817,-0.5861470008231737,0
2016-08-03,2016Q2,91,0.7681301256855426,0.105834,False,0.3574496720351068,0.4867384779245642,-0.1292888058894574,-0.6794756325804857,0
2016-08-04,2016Q2,91,0.7681301256855426,0.1035415,False,0.3574751624273286,0.4853079079419811,-0.1278327455146525,-0.6518749673678862,0
2016-08-05,2016Q2,91,0.7681301256855426,0.0896655,False,0.2924263326886774,0.4476004632781128,-0.1551741305894354,-0.7658073194644549,0
2016-08-08,2016Q2,129,0.8914763117857241,0.093227,False,0.3108388248414472,0.254462372856827,0.05637645198462021,0.31953260106615744,0
2016-08-09,2016Q2,129,0.8914763117857241,0.0923,False,0.3204113080267851,0.2185918736148953,0.10181943441188979,0.5551181409098414,0
2016-08-10,2016Q2,129,0.8914763117857241,0.0965545,False,0.3512453668027242,0.1842744882327999,0.16697087856992432,0.8778631473837075,0
2016-08-11,2016Q2,129,0.8914763117857241,0.0918615,False,0.3301596200972076,0.1411019468570545,0.18905767324015313,0.9812097524667319,0
2016-08-12,2016Q2,128,0.8889780694058858,0.090426,False,0.3266195025390207,0.1166474490021023,0.20997205353691842,1.0786879330435961,1
2016-08-15,2016Q2,128,0.8892005493345647,0.0921879999999999,False,0.3113518564164408,0.1167766268529648,0.194575229563476,1.0063198884243243,1
2016-08-16,2016Q2,128,0.8892005493345647,0.1003235,False,0.3559472598260445,0.1485976761531217,0.20734958367292283,1.0652156108600022,1
2016-08-17,2016Q2,128,0.8889780694058858,0.0943165,False,0.328299338848646,0.1415367531335819,0.18676258571506407,0.9713899750128847,1
2016-08-18,2016Q2,126,0.8829277181729485,0.086628,False,0.2948079852232754,0.1426426674971355,0.1521653177261399,0.7988319536538885,1
2016-08-19,2016Q2,127,0.8864813147587889,0.0823635,False,0.2809577072524033,0.0930093186942928,0.18794838855811052,0.9731887879001189,1
2016-08-22,2016Q2,126,0.8829277181729485,0.0965505,False,0.3607997555703905,0.0915886870491656,0.2692110685212249,1.3575753627004297,1
2016-08-23,2016Q2,127,0.8826167814299556,0.0975145,False,0.3719763079439642,0.0858504786953205,0.2861258292486437,1.4042707106204924,1
2016-08-24,2016Q2,126,0.8823147875047573,0.108377,False,0.4245210491061731,0.0923868218860279,0.3321342272201452,1.5886304060574714,1
2016-08-25,2016Q2,123,0.8723883359023866,0.109238,False,0.4097182729089052,0.0835944638572166,0.32612380905168864,1.5192899623123182,1
2016-08-26,2016Q2,123,0.8746306473189949,0.1091785,False,0.4111555441296223,0.0826287785303681,0.3285267655992542,1.4874957193974998,1
2016-08-29,2016Q2,92,0.771009073543916,0.1038355,False,0.3886308670402914,0.0852460836844107,0.3033847833558807,1.3364815849540435,1
2016-08-30,2016Q2,92,0.771009073543916,0.102129,False,0.3647448181260988,0.0876414951886328,0.27710332293746603,1.1897864921514179,1
2016-08-31,2016Q2,92,0.771009073543916,0.108208,False,0.3981692739474199,0.0867937857654353,0.3113754881819846,1.3156566340263367,1
2016-09-01,2016Q2,92,0.771009073543916,0.108867,False,0.3930222900087645,0.0845426291259706,0.3084796608827939,1.2736596678881478,1
2016-09-02,2016Q2,92,0.771009073543916,0.096429,False,0.3549773478475656,0.0868920397636441,0.2680853080839215,1.074290337291058,1
2016-09-06,2016Q2,92,0.771009073543916,0.094948,False,0.3231090321225149,0.0843353109375763,0.23877372118493861,0.9420614221221327,1
2016-09-07,2016Q2,92,0.771009073543916,0.0968324999999999,False,0.3456206842565909,0.0881412871969401,0.25747939705965084,1.024660620281835,1
2016-09-08,2016Q2,93,0.7734100825506858,0.1000675,False,0.3750585428414161,0.1024498782518091,0.272608664589607,1.090659411474837,1
2016-09-09,2016Q2,93,0.7734100825506858,0.148432,False,0.5974642516848101,0.2703402165361794,0.3271240351486307,1.3199745981289475,1
2016-09-12,2016Q2,129,0.8914763117857241,0.1264265,False,0.4623816778652898,0.3387748987757327,0.12360677908955708,0.4340555540480549,1
2016-09-13,2016Q2,129,0.8914763117857241,0.155868,False,0.5822730801758907,0.380946594764653,0.20132648541123777,0.7833195230725888,1
2016-09-14,2016Q2,129,0.8914763117857241,0.15305,False,0.5708973016873972,0.3815462734471125,0.18935102824028466,0.7311334012139213,1
2016-09-15,2016Q2,128,0.8892005493345647,0.1372074999999999,False,0.5217993114540554,0.4113798793729991,0.11041943208105637,0.3904890565200497,1
2016-09-16,2016Q2,128,0.8892005493345647,0.134662,False,0.5206604703243609,0.4078592172105603,0.11280125311380063,0.42228178124178867,1
2016-09-19,2016Q2,128,0.8892005493345647,0.1347905,False,0.493832456816693,0.4294743232160108,0.06435813360068221,0.21033345118917637,1
2016-09-20,2016Q2,127,0.8866946475204895,0.138969,False,0.5219168869847556,0.4348622001599319,0.0870546868248237,0.31717645876839734,1
2016-09-21,2016Q2,128,0.8892005493345647,0.1174455,False,0.4184986351990424,0.4420588200791548,-0.02356018488011241,-0.1820181434540185,0
2016-09-22,2016Q2,129,0.8914763117857241,0.101726,False,0.3318949205396671,0.4521491528649893,-0.12025423232532217,-0.6182663036385316,0
2016-09-23,2016Q2,129,0.8914763117857241,0.1067575,False,0.353945779813881,0.4509747282809819,-0.09702894846710092,-0.5198547672514449,0
2016-09-26,2016Q2,128,0.8892005493345647,0.1261245,False,0.3578542724802924,0.4603069100693291,-0.10245263758903672,-0.5579028557135697,0
2016-09-27,2016Q2,127,0.8859840252383386,0.111046,False,0.2894991498780446,0.4658260706211658,-0.17632692074312123,-0.9120291710763762,0
2016-09-28,2016Q2,127,0.8859840252383386,0.106081,False,0.2654528457595975,0.4531111843786334,-0.1876583386190359,-0.9757704643801385,0
2016-09-29,2016Q2,128,0.8892005493345647,0.1262145,False,0.3306111881617243,0.460059588866847,-0.1294484007051227,-0.7282752333955593,0
2016-09-30,2016Q2,127,0.8848074264647375,0.112712,False,0.2909932504626047,0.4629253637405582,-0.1719321132779535,-0.9478068967476685,0
2016-10-03,2016Q3,94,0.7817279996339037,0.117034,False,0.2742635416274009,0.4665908963158476,-0.1923273546884467,-1.0767840786016334,0
2016-10-04,2016Q3,94,0.7817279996339037,0.1206175,False,0.2781736378145979,0.4643331177059135,-0.1861594798913156,-1.0520559783607828,0
2016-10-05,2016Q3,94,0.7817279996339037,0.11427,False,0.2504374974084168,0.4605925587956828,-0.21015506138726597,-1.1688234064148575,0
2016-10-06,2016Q3,94,0.7817279996339037,0.1119235,False,0.2361988942439561,0.4550066784043634,-0.21880778416040728,-1.2132945193189562,0
2016-10-07,2016Q3,94,0.7817279996339037,0.1137065,False,0.2450086539091155,0.4587630738805653,-0.2137544199714498,-1.1935901156109077,0
2016-10-10,2016Q3,129,0.8941529843606802,0.1198745,False,0.2818050179349522,0.4526216820605988,-0.17081666412564656,-0.9974264174391557,0
2016-10-11,2016Q3,129,0.8941529843606802,0.1413335,False,0.3616908043446381,0.4612165806823276,-0.09952577633768955,-0.6645782123028052,0
2016-10-12,2016Q3,129,0.8941529843606802,0.140615,False,0.3582233776783495,0.461927597250796,-0.10370421957244652,-0.7068497720318002,0
2016-10-13,2016Q3,129,0.8941529843606802,0.1474025,False,0.3782246864121181,0.4611411126002923,-0.08291642618817419,-0.6233792065247311,0
2016-10-14,2016Q3,129,0.8941529843606802,0.1426135,False,0.3688422451674547,0.462700213564944,-0.09385796839748933,-0.6957433872805445,0
2016-10-17,2016Q3,129,0.8941529843606802,0.1455235,False,0.3843270288663419,0.4600730239508024,-0.0757459950844605,-0.6242191704740095,0
2016-10-18,2016Q3,129,0.8941529843606802,0.1337845,False,0.3446046718600218,0.4529088774603371,-0.10830420560031528,-0.8055460461944698,0
2016-10-19,2016Q3,129,0.8941529843606802,0.1279195,False,0.3171249608926353,0.4463511898995838,-0.12922622900694847,-0.9204581950604608,0
2016-10-20,2016Q3,129,0.8941529843606802,0.1236875,False,0.3072046621618722,0.4395046011213789,-0.1322999389595067,-0.9376248845244296,0
2016-10-21,2016Q3,129,0.8941529843606802,0.12003,False,0.306554145474313,0.3422862837043431,-0.03573213823003013,-0.4371928666549206,0
2016-10-24,2016Q3,129,0.8941529843606802,0.1150295,False,0.3171285368345361,0.3045698960634903,0.012558640771045848,-0.1934282853254099,0
2016-10-25,2016Q3,129,0.8941529843606802,0.1207975,False,0.351792481833621,0.2638418200544017,0.08795066177921929,0.18973061628960303,0
2016-10-26,2016Q3,129,0.8941529843606802,0.1258035,False,0.3893390960296894,0.261214750648636,0.12812434538105344,0.3874724114466722,0
2016-10-27,2016Q3,129,0.8941529843606802,0.132107,False,0.4343669561607816,0.2357305774360813,0.19863637872470027,0.7434311113126236,0
2016-10-28,2016Q3,129,0.8941529843606802,0.141642,False,0.4889386107539771,0.2195061345472505,0.2694324762067266,1.091902711394421,1
2016-10-31,2016Q3,94,0.7817279996339037,0.147331,False,0.52487633495682,0.2181552624604759,0.30672107249634406,1.2520353154881823,1
2016-11-01,2016Q3,93,0.7792541865680669,0.1588069999999999,False,0.5393411219167638,0.2235822849650352,0.31575883695172857,1.2601974066621633,1
2016-11-02,2016Q3,93,0.7792541865680669,0.16749,False,0.5864755156800432,0.2092012609216492,0.377274254758394,1.5336432851418682,1
2016-11-03,2016Q3,95,0.7843576360091811,0.1842635,False,0.6634514349378096,0.1946289093919038,0.46882252554590575,1.926659013297258,1
2016-11-04,2016Q3,95,0.7843576360091811,0.1919925,False,0.6914055903206573,0.1906137265820235,0.5007918637386338,1.9952877434934422,1
2016-11-07,2016Q3,129,0.8941529843606802,0.1535625,False,0.5429362626776006,0.2798193102949082,0.26311695238269245,0.8179252889515175,1
2016-11-08,2016Q3,129,0.8941529843606802,0.1460064999999999,False,0.495759307041751,0.2668122748484071,0.2289470321933439,0.6463052380439721,1
2016-11-09,2016Q3,129,0.8941529843606802,0.122725,False,0.3617137444685692,0.2506594798010434,0.11105426466752577,0.07647198731056838,1
2016-11-10,2016Q3,128,0.8906449481753304,0.1233995,False,0.313664248593723,0.2097025118441088,0.1039617367496142,0.04848407635331861,1
2016-11-11,2016Q3,128,0.8906449481753304,0.1216955,False,0.3103010559766956,0.193288240593517,0.11701281538317859,0.11567871369554485,1
2016-11-14,2016Q3,128,0.8906449481753304,0.121004,False,0.261067120312817,0.1832244544234477,0.07784266588936928,-0.06833233644932256,0
2016-11-15,2016Q3,128,0.8906449481753304,0.113608,False,0.2605447521147088,0.1846152020659304,0.07592955004877838,-0.062288246477491975,0
2016-11-16,2016Q3,128,0.8906449481753304,0.1176975,False,0.2940538007041441,0.1778169195502058,0.11623688115393832,0.1532338568822099,0
2016-11-17,2016Q3,129,0.8941529843606802,0.1131765,False,0.2915546745823215,0.1764021983297976,0.1151524762525239,0.16809532471409624,0
2016-11-18,2016Q3,129,0.8941529843606802,0.107759,False,0.2820913164888038,0.17703132969968,0.10505998678912382,0.13738877562914387,0
2016-11-21,2016Q3,129,0.8941529843606802,0.10085,False,0.2754008258695726,0.182402279219319,0.09299854665025359,0.09694382838941917,0
2016-11-22,2016Q3,127,0.8856474267480706,0.1025945,False,0.2786123990337288,0.1591826501750585,0.1194297488586703,0.2537950339907318,0
2016-11-23,2016Q3,127,0.8891421944590071,0.101633,False,0.285206250809338,0.1590368390626409,0.12616941174669707,0.3055239264585037,0
2016-11-25,2016Q3,127,0.88858680281226,0.100924,False,0.2732266386110865,0.1588400602821494,0.11438657832893709,0.26390453572199785,0
2016-11-28,2016Q3,95,0.7843576360091811,0.10573,False,0.2962179853516583,0.1673366339344799,0.12888135141717838,0.3634317166820516,0
2016-11-29,2016Q3,95,0.7843576360091811,0.1029745,False,0.2829976243929782,0.1636495680938465,0.1193480562991317,0.32808282567561187,0
2016-11-30,2016Q3,95,0.7843576360091811,0.1097555,False,0.3140665894277158,0.1589922922423548,0.155074297185361,0.5367719112566364,0
2016-12-01,2016Q3,95,0.7843576360091811,0.1168695,False,0.3146456978156632,0.15760477250746,0.1570409253082032,0.5614908738119674,0
2016-12-02,2016Q3,95,0.7843576360091811,0.1129905,False,0.3122863842526482,0.1581767502063522,0.15410963404629602,0.5617440299674575,0
2016-12-05,2016Q3,95,0.7843576360091811,0.098894,False,0.2559113940521608,0.1646752629359666,0.09123613111619419,0.23226896415640275,0
2016-12-06,2016Q3,95,0.7843576360091811,0.0934375,False,0.2330055800420392,0.1638127669425315,0.0691928130995077,0.11010849268331276,0
2016-12-07,2016Q3,95,0.7843576360091811,0.099739,False,0.2637961457446138,0.1791173899573943,0.0846787557872195,0.21244597657219516,0
2016-12-08,2016Q3,95,0.7843576360091811,0.103097,False,0.2663036240831094,0.179686042257244,0.08661758182586543,0.23500152881977254,0
2016-12-09,2016Q3,95,0.7843576360091811,0.095417,False,0.2408558445872716,0.1841922352600585,0.056663609327213094,0.0647059109621495,0
2016-12-12,2016Q3,129,0.8941529843606802,0.103747,False,0.2611107476890719,0.1764468239568839,0.08466392373218798,0.23202498636901234,0
2016-12-13,2016Q3,129,0.8941529843606802,0.1050985,False,0.2755365909765768,0.1808095639714405,0.0947270270051363,0.2879993619927542,0
2016-12-14,2016Q3,129,0.8941529843606802,0.1107735,False,0.2935732900614068,0.1819242220960611,0.11164906796534571,0.38465702643999466,0
2016-12-15,2016Q3,129,0.8941529843606802,0.1050635,False,0.2807150852782456,0.1749847911258856,0.10573029415236002,0.3374429358740262,0
2016-12-16,2016Q3,128,0.8919104651190691,0.0994795,False,0.2728238731313608,0.1708728339085722,0.10195103922278861,0.2958039342807684,0
2016-12-19,2016Q3,128,0.8919104651190691,0.094039,False,0.2492446507852494,0.1662579472966309,0.0829867034886185,0.1669543832737438,0
2016-12-20,2016Q3,128,0.8919104651190691,0.0943115,False,0.2516818503178203,0.1056491242634434,0.1460327260543769,0.5204186656212599,0
2016-12-21,2016Q3,127,0.8891181971407557,0.0979725,False,0.2766019751217278,0.1106375383833537,0.16596443673837408,0.6142045426734423,0
2016-12-22,2016Q3,127,0.8891181971407557,0.0982855,False,0.2723867244902905,0.110852680396291,0.16153404409399952,0.561965341201428,0
2016-12-23,2016Q3,128,0.8919104651190691,0.0962995,False,0.2718436111065307,0.1336632935156232,0.13818031759090751,0.3947648866190452,0
2016-12-27,2016Q3,128,0.8919104651190691,0.09933,False,0.2150141128595798,0.1387575679789198,0.07625654488066,-0.01886259889546253,0
2016-12-28,2016Q3,128,0.8919104651190691,0.110105,False,0.2548847180929185,0.1651147455429388,0.0897699725499797,0.03843884592703334,0
2016-12-29,2016Q3,126,0.8871232440583817,0.113691,False,0.2696883443377449,0.1606182703916583,0.10907007394608662,0.13649995740229948,0
2016-12-30,2016Q3,125,0.8843309760800683,0.115819,False,0.2622095455428656,0.1784729464910745,0.08373659905179107,-0.06988842034857343,0
2017-01-03,2016Q4,99,0.7958611300174846,0.1090245,False,0.2068512346658309,0.1805754472374435,0.026275787428387404,-0.5210674675512997,0
2017-01-04,2016Q4,99,0.7958611300174846,0.0980645,False,0.1711258251070521,0.1791786554696429,-0.008052830362590802,-0.8290000715878224,0
2017-01-05,2016Q4,99,0.7958611300174846,0.0976295,False,0.1721179145219624,0.1706040026059018,0.0015139119160605952,-0.8039409032765,0
2017-01-06,2016Q4,99,0.7958611300174846,0.0949525,False,0.1686966031709096,0.1749772714020147,-0.0062806682311050965,-0.890940981310247,0
2017-01-09,2016Q4,130,0.8964411049356672,0.09691,False,0.1754953257619456,0.1869665705723771,-0.011471244810431491,-0.9602064391342914,0
2017-01-10,2016Q4,131,0.8987241029085564,0.095921,False,0.1741346649087103,0.1825219236199159,-0.008387258711205603,-0.9575351307726812,0
2017-01-11,2016Q4,130,0.8961323546509815,0.095169,False,0.1723513405023724,0.1732392012598828,-0.0008878607575103781,-0.924219521456286,0
2017-01-12,2016Q4,131,0.8987241029085564,0.0957165,False,0.1749782273398093,0.1777602551875693,-0.0027820278477599936,-0.9626181732237911,0
2017-01-13,2016Q4,131,0.8987241029085564,0.0910175,False,0.1691919713832228,0.1955562506626423,-0.026364279279419478,-1.1946831226210053,0
2017-01-17,2016Q4,131,0.8987241029085564,0.0955975,False,0.1798805689898134,0.204238722849307,-0.02435815385949361,-1.2234396516527901,0
2017-01-18,2016Q4,130,0.8964411049356672,0.0959935,False,0.194186056520475,0.2046471709836675,-0.010461114463192506,-1.1539204911655958,0
2017-01-19,2016Q4,130,0.8964411049356672,0.1027805,False,0.2226707159849029,0.2058594986152486,0.016811217369654297,-0.9223656636446989,0
2017-01-20,2016Q4,130,0.8964411049356672,0.0889905,False,0.1858236991474407,0.199786492156535,-0.013962793009094282,-1.1956351104817038,0
2017-01-23,2016Q4,130,0.8964411049356672,0.092219,False,0.2071954092435923,0.1600178452956676,0.04717756394792472,-0.6285729537328913,0
2017-01-24,2016Q4,130,0.8964411049356672,0.0860205,False,0.1849336257761206,0.1614432624330414,0.02349036334307919,-0.8238841430331417,0
2017-01-25,2016Q4,127,0.8891655598356935,0.0851514999999999,False,0.1843430696583408,0.1608337010208984,0.023509368637442407,-0.7968937703652207,0
2017-01-26,2016Q4,128,0.8910728730116085,0.086868,False,0.1883975805991919,0.1648182215249151,0.0235793590742768,-0.7689542686212919,0
2017-01-27,2016Q4,127,0.885489422839657,0.0837205,False,0.2026754423607604,0.14335461444685,0.05932082791391041,-0.41457829572634836,0
2017-01-30,2016Q4,100,0.7981874928964047,0.093385,False,0.2217336038564786,0.1444626781088989,0.07727092574757971,-0.21507829662801572,0
2017-01-31,2016Q4,100,0.7981874928964047,0.09274,False,0.2204307089238281,0.1406867238280138,0.07974398509581429,-0.15238512603692378,0
2017-02-01,2016Q4,100,0.7981874928964047,0.091111,False,0.2222929835015408,0.1311063365682475,0.09118664693329331,0.0389183190340707,0
2017-02-02,2016Q4,99,0.7940284769838722,0.092218,False,0.2326683236051369,0.1267275954711989,0.10594072813393798,0.3991627101863015,0
2017-02-03,2016Q4,100,0.7981874928964047,0.083071,False,0.2154401084149083,0.1327012855255931,0.0827388228893152,0.07639708480425318,0
2017-02-06,2016Q4,131,0.8987241029085564,0.0883095,False,0.2400558538787758,0.1271165625554943,0.11293929132328148,0.6844685660915405,0
2017-02-07,2016Q4,130,0.8959476192420726,0.0888505,False,0.249118737713159,0.1262534593542076,0.12286527835895142,0.8646602749371777,0
2017-02-08,2016Q4,131,0.8987241029085564,0.090367,False,0.2643387106517512,0.1235364741810022,0.14080223647074896,1.177314877845012,1
2017-02-09,2016Q4,131,0.8987241029085564,0.0865445,False,0.2580473471334368,0.1267136106847174,0.1313337364487194,0.9935036591159679,1
2017-02-10,2016Q4,131,0.8987241029085564,0.0852499999999999,False,0.2726737369199599,0.109095182112022,0.16357855480793787,1.53065336319582,1
2017-02-13,2016Q4,130,0.8959476192420726,0.0893845,False,0.2767505141063585,0.1141076226343229,0.1626428914720356,1.4600391709809162,1
2017-02-14,2016Q4,130,0.8959476192420726,0.0847135,False,0.2410733133045731,0.1080132463548369,0.1330600669497362,0.9261943535817778,1
2017-02-15,2016Q4,131,0.8987241029085564,0.090638,False,0.2743953349052754,0.0993110306516021,0.1750843042536733,1.619118999427675,1
2017-02-16,2016Q4,130,0.8963618669809644,0.088166,False,0.2733112737869925,0.0963004444269977,0.1770108293599948,1.5976902635419832,1
2017-02-17,2016Q4,128,0.8905092842504059,0.0832415,False,0.2494410492928835,0.0950878061657806,0.1543532431271029,1.1815794736375005,1
2017-02-21,2016Q4,130,0.8949322551514541,0.088238,False,0.2712012571653986,0.1017104514435874,0.16949080572181122,1.4015022020928267,1
2017-02-22,2016Q4,128,0.8902484583090554,0.0900285,False,0.2796542611958997,0.0995601146209215,0.1800941465749782,1.5361158082088908,1
2017-02-23,2016Q4,126,0.8850535676898068,0.0885555,False,0.2731045471747372,0.0974896065723227,0.1756149406024145,1.4238590219733234,1
2017-02-24,2016Q4,129,0.8932277113351721,0.0854844999999999,False,0.2535208301236833,0.0978998705027438,0.15562095962093953,1.089712972479134,1
2017-02-27,2016Q4,100,0.7981874928964047,0.098076,False,0.3230780870013956,0.1045603523309655,0.21851773467043012,1.9961562744879846,1
2017-02-28,2016Q4,100,0.7981874928964047,0.1028834999999999,False,0.3396336189358456,0.109063605571685,0.2305700133641606,2.097505177266834,1
2017-03-01,2016Q4,100,0.7981874928964047,0.097492,False,0.322837015714625,0.1509391953758856,0.17189782033873938,1.2131949549811527,1
2017-03-02,2016Q4,100,0.7981874928964047,0.0948005,False,0.3087456972544301,0.162365328636353,0.14638036861807707,0.8373443870960314,1
2017-03-03,2016Q4,100,0.7981874928964047,0.086091,False,0.2728643609777834,0.1584053998057008,0.1144589611720826,0.35597570831181446,1
2017-03-06,2016Q4,100,0.7981874928964047,0.095752,False,0.331390888341994,0.1699766017008158,0.16141428664117818,1.0229304279262774,1
2017-03-07,2016Q4,100,0.7981874928964047,0.0941845,False,0.3284372269779197,0.1766125572623214,0.15182466971559833,0.8595502909242442,1
2017-03-08,2016Q4,100,0.7981874928964047,0.0931095,False,0.3142444504075176,0.1839802143673674,0.1302642360401502,0.5316361748268942,1
2017-03-09,2016Q4,100,0.7981874928964047,0.094834,False,0.3179077557892203,0.1753353815756881,0.14257237421353222,0.6895943519648676,1
2017-03-10,2016Q4,100,0.7981874928964047,0.0885425,False,0.2980159077614862,0.1835692899892472,0.11444661777223897,0.2716242664489048,1
2017-03-13,2016Q4,131,0.8987241029085564,0.0974665,False,0.3464206473357851,0.1755780090450589,0.17084263829072618,1.065506748812503,1
2017-03-14,2016Q4,131,0.8987241029085564,0.0951905,False,0.3259335892827664,0.1676631592940285,0.1582704299887379,0.8672749768324728,1
2017-03-15,2016Q4,131,0.8987241029085564,0.088812,False,0.2948555868407518,0.1806103299390727,0.11424525690167911,0.23291690819899533,1
2017-03-16,2016Q4,130,0.8964411049356672,0.0843975,False,0.2809346684806393,0.1982522566429165,0.08268241183772279,-0.2154977892768966,0
2017-03-17,2016Q4,131,0.8987241029085564,0.083479,False,0.2938521288310886,0.2047058643263983,0.08914626450469026,-0.12424395800267722,0
2017-03-20,2016Q4,131,0.8987241029085564,0.0926105,False,0.3616628916837901,0.2055882025715025,0.1560746891122876,0.832487435014004,0
2017-03-21,2016Q4,129,0.8928550355012254,0.096342,False,0.31948917671387,0.2496319814045082,0.0698571953093618,-0.3824824428538727,0
2017-03-22,2016Q4,131,0.8987241029085564,0.1022995,False,0.3683690975514906,0.2461915017336345,0.12217759581785612,0.3842934192400682,0
2017-03-23,2016Q4,131,0.8987241029085564,0.1062025,False,0.3937780135061595,0.2519646549702983,0.1418133585358612,0.668147667442303,0
2017-03-24,2016Q4,131,0.8987241029085564,0.106701,False,0.3984167221946681,0.2512535846055861,0.147163137589082,0.7258198003703185,0
2017-03-27,2016Q4,129,0.8931561960949231,0.0992975,False,0.2596560116989334,0.2538278608758298,0.005828150823103562,-1.2787919836058066,0
2017-03-28,2016Q4,131,0.8987241029085564,0.09577,False,0.2607979707920114,0.258684765011655,0.0021132057803563975,-1.2879332719233998,0
2017-03-29,2016Q4,130,0.8955899472627641,0.091114,False,0.2429768736645909,0.2512550186138941,-0.008278144949303207,-1.3889535433307874,0
2017-03-30,2016Q4,126,0.8848680512523777,0.0914015,False,0.2516229886003738,0.2524410251349631,-0.0008180365345892837,-1.2708250864381514,0
2017-03-31,2016Q4,127,0.8876445349188615,0.0964899999999999,False,0.2806860179917395,0.2587643603603641,0.02192165763137538,-0.9735827707347782,0
2017-04-03,2017Q1,97,0.7866280135859988,0.1007455,False,0.2669559633080513,0.2902267527281015,-0.023270789420050175,-1.5801275295873367,0
2017-04-04,2017Q1,97,0.7866280135859988,0.096556,False,0.2418904468874342,0.2782132259844904,-0.036322779097056196,-1.7336961188182496,0
2017-04-05,2017Q1,97,0.7866280135859988,0.1007655,False,0.2517138838661591,0.2838609319655671,-0.03214704809940799,-1.6602488623743312,0
2017-04-06,2017Q1,99,0.7913532398290672,0.0997735,False,0.2498231262030803,0.2882376246777994,-0.03841449847471909,-1.7199180259854803,0
2017-04-07,2017Q1,99,0.7913532398290672,0.1017899999999999,False,0.2550734557601505,0.2946600270001082,-0.03958657123995768,-1.7051121029411482,0
2017-04-10,2017Q1,129,0.8899250644794467,0.117409,False,0.3441450936992229,0.2870101589255068,0.05713493477371612,-0.4494752286272081,0
2017-04-11,2017Q1,129,0.8899250644794467,0.1242505,False,0.3515024467594427,0.286684979326201,0.06481746743324168,-0.37491035538941486,0
2017-04-12,2017Q1,129,0.8899250644794467,0.127496,False,0.3636264423100883,0.203821842242303,0.1598046000677853,0.8879305384492654,0
2017-04-13,2017Q1,128,0.8875963569940486,0.1330935,False,0.400962005887011,0.2169496766846607,0.18401232920235028,1.1850085884568347,1
2017-04-17,2017Q1,129,0.8899250644794467,0.1168845,False,0.3167773600938912,0.2541124056259096,0.06266495446798159,-0.5160014310911061,0
2017-04-18,2017Q1,129,0.8899250644794467,0.113347,False,0.2917048167724684,0.2473531331616991,0.0443516836107693,-0.7996057104961531,0
2017-04-19,2017Q1,129,0.8899250644794467,0.1203384999999999,False,0.3417637292485611,0.2430508520910644,0.09871287715749669,-0.03716083475078525,0
2017-04-20,2017Q1,129,0.8899250644794467,0.106918,False,0.2867758078551925,0.2595503759105164,0.027225431944676137,-1.0631848314211427,0
2017-04-21,2017Q1,129,0.8899250644794467,0.1148255,False,0.3273323203398072,0.2583802466130259,0.0689520737267813,-0.479944438704548,0
2017-04-24,2017Q1,129,0.8899250644794467,0.093344,False,0.2508333755188798,0.2898373910369122,-0.0390040155180324,-1.9792179415777258,0
2017-04-25,2017Q1,128,0.8875963569940486,0.07801,False,0.1707199203335985,0.290598481457554,-0.11987856112395551,-2.8625037801948254,0
2017-04-26,2017Q1,128,0.8875963569940486,0.0843005,False,0.1995220650295845,0.2819607999521017,-0.08243873492251722,-2.234541159480944,0
2017-04-27,2017Q1,128,0.8875963569940486,0.080436,False,0.1851627416824894,0.2625446057519831,-0.07738186406949368,-2.0591890931650507,0
2017-04-28,2017Q1,128,0.8875963569940486,0.079835,False,0.2185067763881275,0.2593043506132417,-0.04079757422511421,-1.5564080469112482,0
2017-05-01,2017Q1,99,0.7913532398290672,0.0725505,False,0.1772877966949021,0.27560829758014,-0.09832050088523789,-2.111818142966454,0
2017-05-02,2017Q1,99,0.7913532398290672,0.0755065,False,0.200104974384874,0.2734437942257439,-0.07333881984086987,-1.749811066648424,0
2017-05-03,2017Q1,99,0.7913532398290672,0.0819655,False,0.2510975425489913,0.2179091744706193,0.033188368078372,-0.5539487953468923,0
2017-05-04,2017Q1,99,0.7913532398290672,0.079537,False,0.2360547319673612,0.217074242912768,0.018980489054593208,-0.6902117923718174,0
2017-05-05,2017Q1,99,0.7913532398290672,0.0773965,False,0.232179559059135,0.2122870206814381,0.019892538377696917,-0.6578894809782828,0
2017-05-08,2017Q1,128,0.8875963569940486,0.0723645,False,0.1977758202504213,0.1939044615012288,0.003871358749192505,-0.8088707037041661,0
2017-05-09,2017Q1,128,0.8875963569940486,0.073463,False,0.1988933486865144,0.1922952810845337,0.0065980676019807005,-0.7522807860827292,0
2017-05-10,2017Q1,128,0.8875963569940486,0.0761295,False,0.2240485867991642,0.172695010305134,0.05135357649403019,-0.23994918676549248,0
2017-05-11,2017Q1,128,0.8875963569940486,0.079552,False,0.2404750629227504,0.1728324221217812,0.06764264080096918,-0.04694114428877992,0
2017-05-12,2017Q1,128,0.8875963569940486,0.0777785,False,0.2275968429167324,0.1705839402954163,0.057012902621316114,-0.14524178677424462,0
2017-05-15,2017Q1,127,0.8852537967732688,0.0793204999999999,False,0.229699262053344,0.1728355877082683,0.05686367434507572,-0.125904713927251,0
2017-05-16,2017Q1,127,0.8852537967732688,0.0799169999999999,False,0.2416495872185726,0.1687575543524414,0.07289203286613119,0.07343481947348075,0
2017-05-17,2017Q1,129,0.8899250644794467,0.117201,False,0.3910643204398725,0.2630410113617706,0.1280233090781019,0.7224876267982542,0
2017-05-18,2017Q1,129,0.8899250644794467,0.1067845,False,0.3465757736565523,0.2543905842441266,0.0921851894124257,0.32790027879424744,0
2017-05-19,2017Q1,126,0.8812627055814497,0.0897844999999999,False,0.2750795044747733,0.2651869500196755,0.00989255445509779,-0.6166868574926432,0
2017-05-22,2017Q1,126,0.8812627055814497,0.0828005,False,0.2439117280310253,0.2670539069949199,-0.02314217896389459,-0.9777045382368915,0
2017-05-23,2017Q1,127,0.8852537967732688,0.0811139999999999,False,0.2423427678438569,0.2630092788101561,-0.020666510966299234,-0.9233562826248132,0
2017-05-24,2017Q1,127,0.8814756790669607,0.0763909999999999,False,0.214788077076501,0.2604598525717278,-0.04567177549522683,-1.2081225162624558,0
2017-05-25,2017Q1,126,0.8829548107786143,0.0747475,False,0.2099244107588261,0.2626846397720503,-0.05276022901322422,-1.2590827180600725,0
2017-05-26,2017Q1,124,0.8768598047639132,0.0720949999999999,False,0.2028468139489198,0.2476902480806492,-0.04484343413172942,-1.1215065289742339,0
2017-05-30,2017Q1,99,0.7913532398290672,0.0818905,False,0.2351283545261364,0.2427922900416796,-0.007663935515543202,-0.6238056036133562,0
2017-05-31,2017Q1,99,0.7913532398290672,0.0807934999999999,False,0.2190164483717355,0.2395138687351561,-0.020497420363420588,-0.761260223037623,0
2017-06-01,2017Q1,100,0.7941207664692725,0.0731365,False,0.1871008437934628,0.2407596402180734,-0.05365879642461058,-1.1567405871483907,0
2017-06-02,2017Q1,100,0.7941207664692725,0.0733415,False,0.1972677128198276,0.2332276857508054,-0.0359599729309778,-0.8945444570662723,0
2017-06-05,2017Q1,100,0.7941207664692725,0.066873,False,0.1633396514896558,0.2278408274203485,-0.06450117593069271,-1.2323170626147393,0
2017-06-06,2017Q1,100,0.7941207664692725,0.0809885,False,0.2417233859325708,0.2068309618065701,0.034892424126000715,0.105055292899864,0
2017-06-07,2017Q1,100,0.7941207664692725,0.078425,False,0.2269299952978332,0.2039233993306449,0.023006595967188292,-0.02207615568670032,0
2017-06-08,2017Q1,101,0.7982687336102553,0.0750405,False,0.2047581950697706,0.2038854106450866,0.0008727844246839978,-0.30150344010158975,0
2017-06-09,2017Q1,101,0.7982687336102553,0.077608,False,0.1848492681828626,0.177491411305051,0.007357856877811597,-0.18614827692580826,0
2017-06-12,2017Q1,128,0.8875963569940486,0.082292,False,0.205002588407931,0.170566630666197,0.034435957741734,0.21967798289335252,0
2017-06-13,2017Q1,127,0.8844148583048348,0.0698565,False,0.1638845237838222,0.1753392770705973,-0.011454753286775088,-0.4290226729413298,0
2017-06-14,2017Q1,127,0.8844148583048348,0.0768875,False,0.1931434272048216,0.1767697257999398,0.016373701404881813,0.015099331488993067,0
2017-06-15,2017Q1,128,0.8875963569940486,0.079984,False,0.2038932806075034,0.1806246009050926,0.023268679702410783,0.13296925759182754,0
2017-06-16,2017Q1,127,0.8844148583048348,0.0733045,False,0.184445855785505,0.1765705257881958,0.007875329997309194,-0.07592217558418847,0
2017-06-19,2017Q1,126,0.8807555615497785,0.0738915,False,0.1806291236806395,0.1900113042393365,-0.009382180558696995,-0.31896618191782283,0
2017-06-20,2017Q1,128,0.8869700723501828,0.074628,False,0.1677137135467473,0.2043373942747019,-0.036623680727954605,-0.7423670217442095,0
2017-06-21,2017Q1,126,0.8801292769059127,0.085089,False,0.2179585290666217,0.2000019822773525,0.017956546789269195,0.18042653930771196,0
2017-06-22,2017Q1,129,0.8899250644794467,0.0826514999999999,False,0.2083235218004319,0.1960478912955269,0.012275630504904989,0.08117032993825558,0
2017-06-23,2017Q1,128,0.8875963569940486,0.0759384999999999,False,0.1835668470383026,0.194759543853814,-0.01119269681551141,-0.3161002180639337,0
2017-06-26,2017Q1,128,0.8869700723501828,0.076503,False,0.1503548193132697,0.1944032486484048,-0.044048429335135114,-0.8558754875895336,0
2017-06-27,2017Q1,129,0.8899250644794467,0.0895295,False,0.1951756404141301,0.2025817758984451,-0.007406135484314985,-0.22995834949443614,0
2017-06-28,2017Q1,126,0.8824368893625568,0.078256,False,0.1511673027253702,0.2207726436209786,-0.06960534089560838,-1.2510684209349487,0
2017-06-29,2017Q1,129,0.8899250644794467,0.0903955,False,0.1862089552197993,0.1552594208715081,0.030949534348291202,0.4072277816841814,0
2017-06-30,2017Q1,127,0.884627512129403,0.087195,False,0.1857622342045627,0.1555673010692188,0.03019493313534391,0.37815470706060805,0
2017-07-03,2017Q2,102,0.79837314101614,0.101414,False,0.2243830433806899,0.1478786547096559,0.07650438867103401,1.1154927571970035,1
2017-07-05,2017Q2,102,0.79837314101614,0.0843204999999999,False,0.1472620062361139,0.1425132985759372,0.00474870766017671,-0.09259488206875745,0
2017-07-06,2017Q2,102,0.79837314101614,0.0979325,False,0.1909507673906947,0.1617211920922928,0.029229575298401894,0.3267638631206196,0
2017-07-07,2017Q2,102,0.79837314101614,0.083637,False,0.1433868740968299,0.1691075319160251,-0.025720657819195192,-0.5751270518993487,0
2017-07-10,2017Q2,131,0.8922110323200074,0.081373,False,0.1450967002087292,0.165541043042863,-0.020444342834133794,-0.46120486760646795,0
2017-07-11,2017Q2,131,0.8922110323200074,0.0855735,False,0.1611486750368417,0.1650927169854549,-0.003944041948613225,-0.12061318341456846,0
2017-07-12,2017Q2,131,0.8922110323200074,0.0778615,False,0.1354093901964685,0.1767054922607882,-0.04129610206431969,-0.8292260964211384,0
2017-07-13,2017Q2,130,0.8897626775124174,0.0719225,False,0.1132176855392182,0.1797847371628317,-0.0665670516236135,-1.2845895171440191,0
2017-07-14,2017Q2,131,0.8922110323200074,0.068396,False,0.108804458926216,0.1734257069130826,-0.0646212479868666,-1.2188360992484497,0
2017-07-17,2017Q2,131,0.8922110323200074,0.07544,False,0.1324590399495045,0.1733490618989289,-0.0408900219494244,-0.7170166644888836,0
2017-07-18,2017Q2,131,0.8922110323200074,0.075622,False,0.133791006673579,0.1707719316158605,-0.0369809249422815,-0.6127294448442518,0
2017-07-19,2017Q2,130,0.8898997300378357,0.0736405,False,0.1327840989037262,0.1721658057183327,-0.03938170681460651,-0.6616736791475624,0
2017-07-20,2017Q2,130,0.8898997300378357,0.0733775,False,0.131642344072109,0.1684143582823068,-0.036772014210197795,-0.6654912806643046,0
2017-07-21,2017Q2,129,0.8861506518900601,0.069251,False,0.1277157575505069,0.169013287449726,-0.04129752989921909,-0.791371671214059,0
2017-07-24,2017Q2,129,0.8860135993646419,0.0787195,False,0.1661123868128375,0.1901026529235559,-0.023990266110718417,-0.4425440418511101,0
2017-07-25,2017Q2,128,0.8813076012013996,0.0802975,False,0.1775719722367837,0.187737404072605,-0.010165431835821304,-0.14735428829296474,0
2017-07-26,2017Q2,130,0.8898997300378357,0.068836,False,0.131825727736293,0.1755104058679945,-0.04368467813170149,-0.9473564214075834,0
2017-07-27,2017Q2,130,0.8898997300378357,0.070441,False,0.1315106826072999,0.159745134352319,-0.028234451745019096,-0.620291416591243,0
2017-07-28,2017Q2,129,0.8876818856069876,0.0701465,False,0.1443584088488477,0.1532575675486159,-0.008899158699768178,-0.1489729571367646,0
2017-07-31,2017Q2,102,0.79837314101614,0.0858835,False,0.2237585683594867,0.1575973557615125,0.06616121259797422,1.579914172403119,1
2017-08-01,2017Q2,102,0.79837314101614,0.082422,False,0.2160221385976979,0.1418482795560577,0.0741738590416402,1.7045752697753245,1
2017-08-02,2017Q2,102,0.79837314101614,0.072189,False,0.1627719496504512,0.1254043929349081,0.03736755671554309,0.8511786364351918,1
2017-08-03,2017Q2,103,0.8012333690758471,0.0744115,False,0.180096143322134,0.126835216357865,0.05326092696426901,1.1780717094282336,1
2017-08-04,2017Q2,103,0.8012333690758471,0.0711985,False,0.1696539736922986,0.1330185648914648,0.036635408800833796,0.8173659319431238,1
2017-08-07,2017Q2,129,0.8848328523509424,0.060389,False,0.123248833544448,0.1340635417756869,-0.01081470823123891,-0.22116815617425367,0
2017-08-08,2017Q2,130,0.888541027024921,0.0925515,False,0.2934297521286547,0.1352969222226161,0.15813282990603858,3.297802297869162,1
2017-08-09,2017Q2,131,0.8922110323200074,0.0828785,False,0.2272236531213693,0.1167894382546206,0.1104342148667487,2.2094723680278636,1
2017-08-10,2017Q2,129,0.8862297247427493,0.117463,False,0.383785545897326,0.1506518982687637,0.23313364762856228,4.017576653047694,1
2017-08-11,2017Q2,130,0.8898997300378357,0.1166755,False,0.3994350587166413,0.13182598308432,0.2676090756323213,4.048979820959294,1
2017-08-14,2017Q2,128,0.8821248097634171,0.0840785,False,0.2377621979649158,0.15854148949529,0.07922070846962578,1.1365118213893626,1
2017-08-15,2017Q2,130,0.888541027024921,0.081263,False,0.2220558215528657,0.1629988353403907,0.059056986212475016,0.8053208276879614,1
2017-08-16,2017Q2,128,0.8846096861628955,0.0820575,False,0.2444572733970197,0.1642839820149226,0.08017329138209708,1.096133577713994,1
2017-08-17,2017Q2,130,0.8898997300378357,0.1146244999999999,False,0.4023142468588191,0.2131618782016568,0.1891523686571623,2.5615748957296813,1
2017-08-18,2017Q2,129,0.886876117726984,0.109373,False,0.3970451939735996,0.2069269748864356,0.190118219087164,2.404491485806676,1
2017-08-21,2017Q2,128,0.8846582732961359,0.1047599999999999,False,0.3582780194528966,0.2098955326817241,0.14838248677117252,1.7474041194836787,1
2017-08-22,2017Q2,127,0.8817836135780373,0.085153,False,0.2518201306603607,0.231702770131143,0.020117360529217698,-0.006901791093861203,0
2017-08-23,2017Q2,126,0.879509461277626,0.0921305,False,0.2930735655686906,0.2266366570986637,0.06643690847002687,0.6074509464518224,0
2017-08-24,2017Q2,127,0.8824162583883992,0.0978565,False,0.3275351817844527,0.2248201667536497,0.10271501503080299,1.0662996793250448,1
2017-08-25,2017Q2,130,0.88991023833708,0.0851945,False,0.2654201603465863,0.2203575800242458,0.04506258032234048,0.2663140061859217,1
2017-08-28,2017Q2,103,0.8012333690758471,0.08256,False,0.224988784544059,0.2234848323028598,0.0015039522411992023,-0.3386527206394807,0
2017-08-29,2017Q2,103,0.8012333690758471,0.084474,False,0.2340931507024942,0.2291327298427204,0.004960420859773801,-0.31102918919147304,0
2017-08-30,2017Q2,103,0.8012333690758471,0.08496,False,0.24021061106386,0.2294220850726123,0.010788525991247688,-0.22436720035861668,0
2017-08-31,2017Q2,103,0.8012333690758471,0.0784005,False,0.2060317513176,0.2379111124857282,-0.0318793611681282,-0.8000501914774911,0
2017-09-01,2017Q2,103,0.8012333690758471,0.0724085,False,0.1820469257088023,0.2392137765960084,-0.057166850887206105,-1.1248062735699216,0
2017-09-05,2017Q2,103,0.8012333690758471,0.093526,False,0.2559975051510182,0.247820270149446,0.00817723500157222,-0.23108820234880448,0
2017-09-06,2017Q2,103,0.8012333690758471,0.0839584999999999,False,0.2119551512248653,0.2606879789905404,-0.04873282776567511,-0.9825581779143749,0
2017-09-07,2017Q2,103,0.8012333690758471,0.0821345,False,0.1963491755146361,0.2526307875873297,-0.05628161207269361,-1.0663511652051976,0
2017-09-08,2017Q2,103,0.8012333690758471,0.08712,False,0.2198114158175677,0.2787648985102693,-0.05895348269270162,-1.074632947514119,0
2017-09-11,2017Q2,131,0.8922110323200074,0.06627,False,0.132566518219965,0.303748250772935,-0.17118173255296998,-2.3985855057722882,0
2017-09-12,2017Q2,131,0.8922110323200074,0.066423,False,0.1383035377791479,0.3079605150101072,-0.1696569772309593,-2.2387724584212836,0
2017-09-13,2017Q2,131,0.8922110323200074,0.072973,False,0.1794193821126977,0.3072004112294726,-0.1277810291167749,-1.668338434307437,0
2017-09-14,2017Q2,130,0.8898997300378357,0.070264,False,0.1683446090966928,0.3161814578145853,-0.1478368487178925,-1.8334441299529685,0
2017-09-15,2017Q2,131,0.8922110323200074,0.068326,False,0.1687449762250511,0.3056709752986094,-0.13692599907355832,-1.6390955049738924,0
2017-09-18,2017Q2,131,0.8922110323200074,0.0680235,False,0.1512963069235115,0.3011619148250775,-0.14986560790156597,-1.7093092682604456,0
2017-09-19,2017Q2,131,0.8922110323200074,0.069565,False,0.1593025976759315,0.2982098297285686,-0.13890723205263708,-1.5345070759037425,0
2017-09-20,2017Q2,130,0.888461954172232,0.06933,False,0.1524428084339354,0.2908591072698658,-0.1384162988359304,-1.4867319883682237,0
2017-09-21,2017Q2,129,0.8861878018718206,0.0716245,False,0.1703340365459678,0.2956731375860021,-0.12533910104003432,-1.3085920310272379,0
2017-09-22,2017Q2,129,0.8861506518900601,0.070698,False,0.1667990041371853,0.2441712631772245,-0.07737225904003922,-0.8083968894234104,0
2017-09-25,2017Q2,129,0.8861506518900601,0.0708105,False,0.1173440782945611,0.2421989723871364,-0.12485489409257529,-1.2575164401856633,0
2017-09-26,2017Q2,129,0.8861506518900601,0.070439,False,0.1174071934016106,0.2186471032569112,-0.1012399098553006,-0.9858946673282953,0
2017-09-27,2017Q2,129,0.8861506518900601,0.075237,False,0.1388634238422897,0.2165669400770758,-0.07770351623478611,-0.7215771253398284,0
2017-09-28,2017Q2,129,0.8861506518900601,0.070371,False,0.1219200469835776,0.2161427936713192,-0.0942227466877416,-0.8672965082624924,0
2017-09-29,2017Q2,127,0.8814281447820589,0.0668545,False,0.1150054445295067,0.1357295871200011,-0.020724142590494404,-0.11596717296968982,0
2017-10-02,2017Q3,105,0.8083947198713021,0.0780285,False,0.1354934120155937,0.1448775145775514,-0.009384102561957708,-0.0039499896729158195,0
2017-10-03,2017Q3,105,0.8083947198713021,0.0614095,False,0.0739760503193636,0.1452803973977623,-0.0713043470783987,-0.6202259424921753,0
2017-10-04,2017Q3,105,0.8083947198713021,0.0686655,False,0.097987915918601,0.1181928993925713,-0.020204983473970303,-0.10183705021424423,0
2017-10-05,2017Q3,105,0.8083947198713021,0.0638835,False,0.0819627006101929,0.1186877824660569,-0.036725081855864,-0.2693631878414952,0
2017-10-06,2017Q3,105,0.8083947198713021,0.062843,False,0.0780600259423265,0.115235244481839,-0.0371752185395125,-0.2794477796993316,0
2017-10-09,2017Q3,131,0.8884279145074424,0.0679845,False,0.0989832289063315,0.1056718394416994,-0.0066886105353679,0.019191895186248226,0
2017-10-10,2017Q3,131,0.8884279145074424,0.067714,False,0.0974717490090069,0.1043014035811408,-0.0068296545721339,0.012015521623637584,0
2017-10-11,2017Q3,131,0.8884279145074424,0.0682784999999999,False,0.1007947494903094,0.1033080391078346,-0.0025132896175252134,0.05003553652725879,0
2017-10-12,2017Q3,131,0.8884279145074424,0.0679095,False,0.0991318063554903,0.1039583268049451,-0.004826520449454794,0.020705457357465644,0
2017-10-13,2017Q3,131,0.8884279145074424,0.064805,False,0.0906024532653631,0.0998679280805616,-0.009265474815198488,-0.02911168626583729,0
2017-10-16,2017Q3,130,0.8854773561296454,0.0687365,False,0.1008985010652531,0.0995001554449413,0.0013983456203117972,0.07223253786828358,0
2017-10-17,2017Q3,129,0.8831985782838779,0.0701384999999999,False,0.1090188920026621,0.0769287143331722,0.032090177669489905,0.37499981581610486,0
2017-10-18,2017Q3,130,0.8854773561296454,0.0680425,False,0.1032899517394615,0.0747466412324529,0.02854331050700859,0.3320312079969991,0
2017-10-19,2017Q3,131,0.8884279145074424,0.0690405,False,0.1070292807397303,0.0766717666307332,0.03035751410899709,0.3380689560062736,0
2017-10-20,2017Q3,131,0.8884279145074424,0.0675135,False,0.1086509166046506,0.0744114081181101,0.03423950848654049,0.3667486953420092,0
2017-10-23,2017Q3,130,0.8861491366616749,0.075326,False,0.1366347635296382,0.0566534308784848,0.07998133265115338,0.812065488463528,0
2017-10-24,2017Q3,130,0.8861491366616749,0.076634,False,0.1404338318961356,0.0525367187320485,0.08789711316408709,0.8858468074684922,0
2017-10-25,2017Q3,130,0.8861491366616749,0.08334,False,0.1654142295712975,0.0606928028148495,0.10472142675644801,1.0453933769272308,1
2017-10-26,2017Q3,129,0.8831985782838779,0.083041,False,0.1643714886007926,0.0582761745353292,0.1060953140654634,1.0391145404895585,1
2017-10-27,2017Q3,130,0.8854773561296454,0.0677079999999999,False,0.1203572016451869,0.0676344393310841,0.052722762314102806,0.5081772106055258,1
2017-10-30,2017Q3,105,0.8083947198713021,0.088011,False,0.1885267460643667,0.0771541146031526,0.11137263146121411,1.0697875591730224,1
2017-10-31,2017Q3,105,0.8083947198713021,0.085743,False,0.1787202352667159,0.0757974052677187,0.1029228299989972,0.9601918381373094,1
2017-11-01,2017Q3,105,0.8083947198713021,0.0762674999999999,False,0.1368605517631972,0.0768404554284615,0.06002009633473569,0.5659451833680836,1
2017-11-02,2017Q3,105,0.8083947198713021,0.073828,False,0.1307901496830885,0.0707964451166037,0.0599937045664848,0.5781017434236739,1
2017-11-03,2017Q3,105,0.8083947198713021,0.065474,False,0.111645018835168,0.0721055961880724,0.039539422647095604,0.4248675420057697,1
2017-11-06,2017Q3,129,0.8831985782838779,0.0699085,False,0.1292409713752651,0.061720920964116,0.06752005041114911,0.8069127900275891,1
2017-11-07,2017Q3,129,0.8831985782838779,0.0728655,False,0.1399737740035885,0.0596700016640655,0.08030377233952302,0.9502631060305993,1
2017-11-08,2017Q3,129,0.8831985782838779,0.0744954999999999,False,0.1505776856314499,0.0581577422897659,0.09241994334168402,1.0741189302450846,1
2017-11-09,2017Q3,131,0.8884279145074424,0.0824189999999999,False,0.1767208931852118,0.064656450795699,0.11206444238951281,1.2791978479162502,1
2017-11-10,2017Q3,129,0.8831985782838779,0.083713,False,0.1872696223905404,0.0630617651682875,0.1242078572222529,1.4581425033102864,1
2017-11-13,2017Q3,129,0.8831985782838779,0.082578,False,0.1772980050041543,0.0616907034375148,0.1156073015666395,1.4113048649992705,1
2017-11-14,2017Q3,130,0.8861491366616749,0.0851669999999999,False,0.1904658823826996,0.0640859503742345,0.1263799320084651,1.5524476866490333,1
2017-11-15,2017Q3,129,0.8831985782838779,0.095919,False,0.2393914116813493,0.071724892658115,0.16766651902323432,1.9434516389239704,1
2017-11-16,2017Q3,129,0.8831985782838779,0.0809775,False,0.191580705262694,0.0772522061853985,0.11432849907729549,1.315508010353294,1
2017-11-17,2017Q3,128,0.8802287964224581,0.0792305,False,0.187614019282956,0.0824694972163761,0.10514452206657991,1.2110312769106208,1
2017-11-20,2017Q3,128,0.8802287964224581,0.0756574999999999,False,0.1704908779855685,0.0822675580531909,0.0882233199323776,1.0062420907445786,1
2017-11-21,2017Q3,127,0.877992948245476,0.068436,False,0.1475618930449352,0.0900975294300803,0.057464363614854894,0.649688361950291,1
2017-11-22,2017Q3,127,0.8782838807393153,0.069933,False,0.1580178548526321,0.0891346530226269,0.0688832018300052,0.7611765066647578,1
2017-11-24,2017Q3,127,0.8782838807393153,0.0698334999999999,False,0.1564950610159844,0.0895209548286925,0.0669741061872919,0.7264086993188644,1
2017-11-27,2017Q3,105,0.8083947198713021,0.0712715,False,0.1621649111997529,0.096530050632126,0.06563486056762691,0.6916324773727818,1
2017-11-28,2017Q3,105,0.8083947198713021,0.0763015,False,0.1838595172264932,0.1079301247625231,0.07592939246397011,0.779280087265479,1
2017-11-29,2017Q3,105,0.8083947198713021,0.082698,False,0.1777768187947919,0.1003754833452373,0.0774013354495546,0.7786815599076292,1
2017-11-30,2017Q3,105,0.8083947198713021,0.089164,False,0.2194622514264221,0.1119448575788851,0.10751739384753699,1.0718021203986245,1
2017-12-01,2017Q3,105,0.8083947198713021,0.0897915,False,0.2116462064071244,0.1153228743049455,0.09632333210217889,0.9199629902403641,1
2017-12-04,2017Q3,105,0.8083947198713021,0.0835745,False,0.1494294753427136,0.1049915043327323,0.044437971009981314,0.3415000715598117,1
2017-12-05,2017Q3,105,0.8083947198713021,0.0855005,False,0.1780280616331248,0.1014848030678415,0.0765432585652833,0.6662017213092892,1
2017-12-06,2017Q3,105,0.8083947198713021,0.0837955,False,0.1805012958758528,0.1021419504395486,0.07835934543630421,0.6633455270140902,1
2017-12-07,2017Q3,105,0.8083947198713021,0.0792765,False,0.1725264091300784,0.0978058996723097,0.07472050945776872,0.5956807553844914,1
2017-12-08,2017Q3,105,0.8083947198713021,0.0725875,False,0.1567603434639382,0.1044811660038056,0.052279177460132595,0.30001607647804457,1
2017-12-11,2017Q3,130,0.8861491366616749,0.0706779999999999,False,0.1476123858319706,0.1029872320683231,0.04462515376364749,0.1745465661729908,1
2017-12-12,2017Q3,130,0.8861491366616749,0.073333,False,0.1541301237476441,0.1012306699850816,0.0528994537625625,0.2488421989862513,1
2017-12-13,2017Q3,130,0.8861491366616749,0.076904,False,0.1798112730334178,0.1020524796116362,0.07775879342178159,0.5594576211932644,1
2017-12-14,2017Q3,130,0.8861491366616749,0.0757655,False,0.1737404700561521,0.1077616963578499,0.06597877369830218,0.36540219533432405,1
2017-12-15,2017Q3,130,0.8861491366616749,0.069285,False,0.1600073370803136,0.1207620067744527,0.03924533030586089,-0.0767175587532361,0
2017-12-18,2017Q3,130,0.8861491366616749,0.0657089999999999,False,0.1335563415332938,0.1231150077862072,0.010441333747086598,-0.5688629664617676,0
2017-12-19,2017Q3,130,0.8861491366616749,0.0750475,False,0.1751981069424479,0.1306407841095961,0.0445573228328518,-0.066983131875378,0
2017-12-20,2017Q3,129,0.8839122304610192,0.0741565,False,0.1763908911750558,0.1329237112391094,0.0434671799359464,-0.1359132706590005,0
2017-12-21,2017Q3,130,0.8861491366616749,0.073312,False,0.1777785701401947,0.1323160123542095,0.04546255778598521,-0.14412442845567,0
2017-12-22,2017Q3,130,0.8861491366616749,0.0733254999999999,False,0.1848376537092842,0.129282679986376,0.05555497372290821,0.0037449408447995385,0
2017-12-26,2017Q3,130,0.8861491366616749,0.0906454999999999,False,0.2336636915759363,0.1310053121796406,0.10265837939629571,0.9617756105394192,0
2017-12-27,2017Q3,130,0.8861491366616749,0.079627,False,0.1843246387874668,0.1335884980639939,0.050736140723472906,-0.16660419329285572,0
2017-12-28,2017Q3,129,0.8834702872940944,0.0729375,False,0.1595450630425733,0.1316591331948998,0.02788592984767349,-0.7460654531568695,0
2017-12-29,2017Q3,130,0.8861491366616749,0.074961,False,0.1666871623693976,0.1342506417284242,0.03243652064097338,-0.6788904082090433,0
2018-01-02,2017Q4,108,0.8250396630960257,0.069224,False,0.0947346163063024,0.1382404979875837,-0.043505881681281305,-2.4672141935908236,0
2018-01-03,2017Q4,108,0.8250396630960257,0.0670155,False,0.0847675353781035,0.1291673312344692,-0.04439979585636569,-2.468399450502959,0
2018-01-04,2017Q4,111,0.8341540264516936,0.06969,False,0.093200797424871,0.1306317762746042,-0.037430978849733204,-2.240251366010772,0
2018-01-05,2017Q4,111,0.8341540264516936,0.070593,False,0.0976594106826866,0.1315618338181178,-0.03390242313543121,-2.108420116640004,0
2018-01-08,2017Q4,133,0.9028722927908372,0.0702345,False,0.0972580681720204,0.1277381264421801,-0.030480058270159704,-1.9849748955544453,0
2018-01-09,2017Q4,133,0.9028722927908372,0.076778,False,0.1167411642171946,0.1260345011550059,-0.009293336937811286,-1.5112116072790187,0
2018-01-10,2017Q4,133,0.9028722927908372,0.078132,False,0.1203644969051714,0.1268074373920402,-0.006442940486868803,-1.451652968635468,0
2018-01-11,2017Q4,133,0.9028722927908372,0.077288,False,0.1179736998114648,0.1188993625267109,-0.0009256627152461061,-1.3274200147930262,0
2018-01-12,2017Q4,133,0.9028722927908372,0.0806735,False,0.1281030338736743,0.140388708950822,-0.0122856750771477,-1.534482316885514,0
2018-01-16,2017Q4,132,0.899525862514724,0.100423,False,0.18590184139007,0.1304267596006056,0.05547508178946439,-0.07550058441925434,0
2018-01-17,2017Q4,133,0.9017554043949478,0.0928435,False,0.1562354159783002,0.1419141530201306,0.0143212629581696,-0.9605769592554544,0
2018-01-18,2017Q4,132,0.899525862514724,0.0953094999999999,False,0.1670961526199231,0.1625304711863203,0.004565681433602808,-1.1505877316424893,0
2018-01-19,2017Q4,133,0.9017554043949478,0.0868605,False,0.1452671583081383,0.155846662160219,-0.010579503852080702,-1.4205602034338733,0
2018-01-22,2017Q4,133,0.9017554043949478,0.082673,False,0.1322036157034483,0.1641523041984609,-0.03194868849501262,-1.7854643945632143,0
2018-01-23,2017Q4,133,0.9017554043949478,0.0851915,False,0.1364962663889135,0.1578403031458219,-0.021344036756908408,-1.5073360864401932,0
2018-01-24,2017Q4,132,0.899525862514724,0.0954835,False,0.165397397534256,0.1527942119777376,0.012603185556518404,-0.7872523910581586,0
2018-01-25,2017Q4,132,0.899525862514724,0.0955449999999999,False,0.1579536774909074,0.1488527438240353,0.009100933666872119,-0.8389995410478545,0
2018-01-26,2017Q4,132,0.899525862514724,0.094012,False,0.1533341302202555,0.1680281285265578,-0.014693998306302303,-1.2798667229954526,0
2018-01-29,2017Q4,112,0.83660932656896,0.1145545,False,0.1841249004988537,0.1867622390625208,-0.002637338563667102,-1.0007723102885322,0
2018-01-30,2017Q4,112,0.83660932656896,0.1210715,False,0.2102451520555429,0.2191208478515763,-0.008875695796033395,-1.0938642870580166,0
2018-01-31,2017Q4,112,0.83660932656896,0.1156555,False,0.201672857237309,0.2074229843699633,-0.005750127132654298,-1.0006235272813315,0
2018-02-01,2017Q4,113,0.8388474415856526,0.1137565,False,0.2242496470277429,0.1928937828170982,0.03135586421064468,-0.2542332890944777,0
2018-02-02,2017Q4,116,0.8464718913990142,0.141896,False,0.3542490004175173,0.2691151900523341,0.0851338103651832,0.8138507447883714,0
2018-02-05,2017Q4,134,0.9051018346710612,0.2743629999999999,False,0.9170437740426924,0.4584151991788468,0.4586285748638456,5.573228049024795,1
2018-02-06,2017Q4,133,0.9028722927908372,0.2204865,False,0.6357450233115254,0.473223259290032,0.16252176402149338,1.4873561797203807,1
2018-02-07,2017Q4,133,0.9028722927908372,0.173414,False,0.4491064985778548,0.4664068089200631,-0.017300310342208303,-0.8984499669758215,0
2018-02-08,2017Q4,134,0.9051018346710612,0.267074,False,0.7402633856063429,0.543183494798171,0.1970798908081719,1.9152581160232467,1
2018-02-09,2017Q4,133,0.9028722927908372,0.2240585,False,0.4777089767032902,0.5452113793849078,-0.06750240268161761,-1.4907989353037177,0
2018-02-12,2017Q4,133,0.9028722927908372,0.1785635,False,0.4498984818789792,0.5488908966382876,-0.09899241475930842,-1.8123751954513694,0
2018-02-13,2017Q4,133,0.9028722927908372,0.170181,False,0.442827468394165,0.5463881597148266,-0.10356069132066159,-1.8000728528074295,0
2018-02-14,2017Q4,133,0.9028722927908372,0.14723,False,0.3906363616994669,0.5504985556813072,-0.15986219398184032,-2.349277546724931,0
2018-02-15,2017Q4,133,0.9028722927908372,0.1414585,False,0.3792879616124248,0.5553912369909438,-0.17610327537851905,-2.3788270462608434,0
2018-02-16,2017Q4,133,0.9028722927908372,0.136354,False,0.3644715346486466,0.5532760876221501,-0.18880455297350346,-2.359491119566875,0
2018-02-20,2017Q4,133,0.9028722927908372,0.1490544999999999,False,0.4038950034007491,0.541452965763112,-0.1375579623623629,-1.7165006232247735,0
2018-02-21,2017Q4,133,0.9028722927908372,0.1549825,False,0.4496113458850112,0.5429621970295339,-0.09335085114452263,-1.200579078364674,0
2018-02-22,2017Q4,133,0.9028722927908372,0.1428485,False,0.39003810787508,0.5433539916230202,-0.15331588374794025,-1.7538011917676923,0
2018-02-23,2017Q4,133,0.9028722927908372,0.1166899999999999,False,0.3100112889396711,0.5554679331038505,-0.24545664416417934,-2.511529703762629,0
2018-02-26,2017Q4,117,0.8511534366770814,0.120849,False,0.324920624685478,0.5671820725376436,-0.24226144785216563,-2.3209288090965856,0
2018-02-27,2017Q4,117,0.8511534366770814,0.139004,False,0.3839472514891398,0.5682614432023535,-0.18431419171321373,-1.700190846039812,0
2018-02-28,2017Q4,117,0.8511534366770814,0.1455155,False,0.3856724192205583,0.5768748227998098,-0.19120240357925156,-1.6888153391867915,0
2018-03-01,2017Q4,117,0.8511534366770814,0.1624625,False,0.4116946371750925,0.579284440503849,-0.16758980332875645,-1.421187402502801,0
2018-03-02,2017Q4,117,0.8511534366770814,0.142672,False,0.3348521884552858,0.5793832430192523,-0.24453105456396645,-1.995870616419874,0
2018-03-05,2017Q4,117,0.8511534366770814,0.143807,False,0.3970565835451814,0.5858957794992354,-0.18883919595405402,-1.4578545055798384,0
2018-03-06,2017Q4,117,0.8511534366770814,0.134252,False,0.3517995857921513,0.5841402601220839,-0.23234067432993255,-1.7462797163858437,0
2018-03-07,2017Q4,117,0.8511534366770814,0.134232,False,0.345186107000406,0.5887938344049537,-0.24360772740454772,-1.75742952892821,0
2018-03-08,2017Q4,117,0.8511534366770814,0.1250995,False,0.3256181321437644,0.5925891851041428,-0.26697105296037843,-1.8539844505234555,0
2018-03-09,2017Q4,117,0.8511534366770814,0.1036295,False,0.2637193871819688,0.6088704613531448,-0.345151074171176,-2.315518781935719,0
2018-03-12,2017Q4,134,0.9051018346710612,0.110243,False,0.2761045678611682,0.6062800697466291,-0.33017550188546085,-2.080545709639173,0
2018-03-13,2017Q4,134,0.9051018346710612,0.125026,False,0.3306926881466949,0.6065845832764809,-0.275891895129786,-1.6140498554277787,0
2018-03-14,2017Q4,134,0.9051018346710612,0.1251815,False,0.3325519093090795,0.6076565910121592,-0.27510468170307967,-1.5444909372213715,0
2018-03-15,2017Q4,134,0.9051018346710612,0.1207575,False,0.3306794078770316,0.6158795996847735,-0.28520019180774187,-1.551083755309468,0
2018-03-16,2017Q4,134,0.9051018346710612,0.108212,False,0.2975378525102615,0.6320779234280735,-0.33454007091781196,-1.8066538255758569,0
2018-03-19,2017Q4,134,0.9051018346710612,0.1435374999999999,False,0.3926222169413961,0.6370916675203491,-0.24446945057895297,-1.153973471580389,0
2018-03-20,2017Q4,134,0.9051018346710612,0.1429905,False,0.4138546337822413,0.5497402229621955,-0.1358855891799542,-0.40181948796768074,0
2018-03-21,2017Q4,134,0.9051018346710612,0.137442,False,0.3764500217160451,0.5384971234286422,-0.16204710171259712,-0.5576327072695214,0
2018-03-22,2017Q4,133,0.9028722927908372,0.183246,False,0.5145851977269826,0.573512493290604,-0.05892729556362142,0.15824591977241967,0
2018-03-23,2017Q4,133,0.9028722927908372,0.193586,False,0.4870032492412724,0.5140059623763829,-0.027002713135110434,0.39686740109461033,0
2018-03-26,2017Q4,133,0.9028722927908372,0.166548,False,0.3797338210834342,0.5482899024152748,-0.16855608133184058,-0.5631050979947203,0
2018-03-27,2017Q4,133,0.9028722927908372,0.189409,False,0.4231575728469166,0.5414128516553313,-0.11825527880841469,-0.1962816156929733,0
2018-03-28,2017Q4,133,0.9028722927908372,0.1884325,False,0.3965021753306907,0.5264575861109765,-0.12995541078028577,-0.26086866783501383,0
2018-03-29,2017Q4,133,0.9028722927908372,0.1702755,False,0.3857515458228041,0.5320383972191093,-0.1462868513963052,-0.36394928940456545,0
2018-04-02,2018Q1,115,0.8486951705023814,0.194024,False,0.3689397484876797,0.5641699555969931,-0.19523020710931344,-0.6893302559187321,0
2018-04-03,2018Q1,115,0.8486951705023814,0.1888885,False,0.3864321391227273,0.5748414382817909,-0.18840929915906363,-0.6225350973032111,0
2018-04-04,2018Q1,115,0.8486951705023814,0.1754285,False,0.3604288976869774,0.5936774691490199,-0.23324857146204248,-0.9090791143084757,0
2018-04-05,2018Q1,115,0.8486951705023814,0.1626175,False,0.3248063730081322,0.5950786662979208,-0.27027229328978863,-1.1295611484216734,0
2018-04-06,2018Q1,115,0.8486951705023814,0.179551,False,0.3395852664711165,0.6164171772093953,-0.2768319107382788,-1.1357922629417543,0
2018-04-09,2018Q1,132,0.9024183344487772,0.1916054999999999,False,0.4215670927184379,0.5964663280354209,-0.17489923531698298,-0.4175315690419909,0
2018-04-10,2018Q1,132,0.9024183344487772,0.1742099999999999,False,0.3688110416833888,0.599441765577746,-0.23063072389435718,-0.7752146912223741,0
2018-04-11,2018Q1,132,0.9024183344487772,0.1724755,False,0.363458238031861,0.6004009738411384,-0.23694273580927744,-0.7922477460622972,0
2018-04-12,2018Q1,132,0.9024183344487772,0.1576155,False,0.3267082525314431,0.6013807949515965,-0.2746725424201534,-1.018198724100019,0
2018-04-13,2018Q1,132,0.9024183344487772,0.145008,False,0.2825875208124283,0.5936498402839342,-0.3110623194715059,-1.2263643127100516,0
2018-04-16,2018Q1,132,0.9024183344487772,0.1237794999999999,False,0.2271934367081092,0.5934490179614689,-0.36625558125335966,-1.5430512557838036,0
2018-04-17,2018Q1,132,0.9024183344487772,0.1219675,False,0.2419346331058815,0.5870998696650961,-0.3451652365592146,-1.349326637309984,0
2018-04-18,2018Q1,132,0.9024183344487772,0.119877,False,0.2306792097483004,0.5786888539083139,-0.34800964416001356,-1.3194149795510097,0
2018-04-19,2018Q1,132,0.9024183344487772,0.128874,False,0.2442270417821397,0.5569247419251162,-0.3126977001429765,-1.0486149936778757,0
2018-04-20,2018Q1,132,0.9024183344487772,0.141962,False,0.2819211856085356,0.5585372923556398,-0.2766161067471042,-0.7814308991392726,0
2018-04-23,2018Q1,133,0.9047548538861035,0.14287,False,0.3071224271473602,0.5426710400509865,-0.23554861290362633,-0.4845525756824008,0
2018-04-24,2018Q1,132,0.9024183344487772,0.150768,False,0.3174367994925645,0.5442266790059721,-0.22678987951340762,-0.4047367348290446,0
2018-04-25,2018Q1,132,0.9024183344487772,0.1541365,False,0.3401556477317984,0.5398963558837372,-0.19974070815193878,-0.201107079607634,0
2018-04-26,2018Q1,132,0.9024183344487772,0.1387189999999999,False,0.3151369609538196,0.529790349997396,-0.21465338904357645,-0.28261523379514486,0
2018-04-27,2018Q1,132,0.9024183344487772,0.1307364999999999,False,0.3350923758353424,0.5162591690492097,-0.18116679321386725,-0.030933105864572954,0
2018-04-30,2018Q1,116,0.8512956720236868,0.1316945,False,0.3395284306459413,0.5146877402288552,-0.17515930958291392,0.035918862606689146,0
2018-05-01,2018Q1,116,0.8512956720236868,0.126935,False,0.3109049948362057,0.4991417847148631,-0.18823678987865738,-0.025698584121261765,0
2018-05-02,2018Q1,116,0.8512956720236868,0.1334635,False,0.3637839359975852,0.4963916940971554,-0.1326077580995702,0.5818072294454777,0
2018-05-03,2018Q1,116,0.8512956720236868,0.1379365,False,0.3865483900400893,0.4973880019439716,-0.1108396119038823,0.9163051581043966,0
2018-05-04,2018Q1,116,0.8512956720236868,0.11898,False,0.3149379472108526,0.4763763447277275,-0.1614383975168749,0.42897814677540447,0
2018-05-07,2018Q1,132,0.9024183344487772,0.1221579999999999,False,0.3230634076878768,0.4470081564226311,-0.1239447487347543,1.05989245257925,1
2018-05-08,2018Q1,132,0.9024183344487772,0.1205195,False,0.3140145481961827,0.3962123386107951,-0.08219779041461239,1.6049824694340302,1
2018-05-09,2018Q1,132,0.9024183344487772,0.112936,False,0.284478020059636,0.3807398541800689,-0.09626183412043288,1.4225687624143533,1
2018-05-10,2018Q1,132,0.9024183344487772,0.1051525,False,0.2603497334696166,0.3956435859019808,-0.1352938524323642,0.9357615830449685,1
2018-05-11,2018Q1,132,0.9024183344487772,0.0986975,False,0.244618592699625,0.3849199348431574,-0.1403013421435324,0.8640287416697993,1
2018-05-14,2018Q1,132,0.9024183344487772,0.1021845,False,0.2559577830330192,0.3354197804183804,-0.0794619973853612,1.5938876297812157,1
2018-05-15,2018Q1,132,0.9024183344487772,0.1129245,False,0.2906778957931309,0.3313590352977386,-0.040681139504607666,1.9824036770099018,1
2018-05-16,2018Q1,132,0.9024183344487772,0.1064229999999999,False,0.2742308226814703,0.3230058372171074,-0.048775014535637096,1.8216105166583572,1
2018-05-17,2018Q1,133,0.9047548538861035,0.104395,False,0.2768385261631306,0.3190557106478149,-0.04221718448468431,1.8592845434087413,1
2018-05-18,2018Q1,131,0.8998422820018472,0.103332,False,0.279195518198857,0.2573124718438762,0.02188304635498084,2.446216596016399,1
2018-05-21,2018Q1,131,0.8982640514986278,0.0994925,False,0.2619342323365027,0.2604563737433224,0.0014778585931802812,2.094644152246968,1
2018-05-22,2018Q1,132,0.9022137812525102,0.1004955,False,0.2687168835185648,0.2321319022638232,0.03658498125474163,2.3123583671198658,1
2018-05-23,2018Q1,130,0.8956879990516979,0.095285,False,0.2410669352811898,0.2224516161091126,0.018615319172077205,2.0188649640215632,1
2018-05-24,2018Q1,131,0.8982640514986278,0.094749,False,0.2375441129791109,0.2139042652998259,0.02363984767928501,1.9643921361663395,1
2018-05-25,2018Q1,129,0.8912467385912612,0.095205,False,0.2427801388814982,0.2153516243312505,0.027428514550247696,1.9071158854030592,1
2018-05-29,2018Q1,117,0.8554151351329617,0.12606,False,0.3381212144923761,0.227748173230222,0.11037304126215408,2.4834878563582907,1
2018-05-30,2018Q1,117,0.8554151351329617,0.106654,False,0.2780297512543804,0.236601633004327,0.04142811825005341,1.794178978824137,1
2018-05-31,2018Q1,117,0.8554151351329617,0.112073,False,0.295197294425276,0.2456958723600749,0.049501422065201084,1.7770488051410058,1
2018-06-01,2018Q1,117,0.8554151351329617,0.0965655,False,0.2456106198030147,0.2770447455154842,-0.03143412571246948,1.069111783626681,1
2018-06-04,2018Q1,117,0.8554151351329617,0.0929725,False,0.2357854366455781,0.2693469472472558,-0.03356151060167767,1.0170561318901412,1
2018-06-05,2018Q1,117,0.8554151351329617,0.093484,False,0.2364021575759009,0.2706802456801153,-0.03427808810421437,0.9809074960627219,1
2018-06-06,2018Q1,117,0.8554151351329617,0.0850529999999999,False,0.1953758232247837,0.2528524406790584,-0.05747661745427468,0.7604973086547058,1
2018-06-07,2018Q1,117,0.8554151351329617,0.0885005,False,0.2072370667493863,0.2531830718471957,-0.045946005097809384,0.8291740054992828,1
2018-06-08,2018Q1,117,0.8554151351329617,0.0848775,False,0.2015753795612887,0.2588457984483261,-0.057270418887037405,0.7067685597862868,1
2018-06-11,2018Q1,132,0.9024183344487772,0.089364,False,0.2104680271167056,0.2701893586852672,-0.05972133156856163,0.660060052736724,1
2018-06-12,2018Q1,132,0.9024183344487772,0.087626,False,0.205745898063231,0.2640213183257967,-0.058275420262565686,0.6470696676444474,1
2018-06-13,2018Q1,132,0.9024183344487772,0.093539,False,0.2378210861533747,0.2740712210230391,-0.03625013486966441,0.8132168407981749,1
2018-06-14,2018Q1,132,0.9024183344487772,0.088237,False,0.2163946887354676,0.2692899949666709,-0.05289530623120328,0.651244633044461,1
2018-06-15,2018Q1,132,0.9004947434077,0.084398,False,0.1970218209549729,0.2679282920077211,-0.07090647105274822,0.47842427464296783,1
2018-06-18,2018Q1,131,0.8981582239703735,0.0908475,False,0.1946748356708144,0.2497892248927687,-0.0551143892219543,0.6167963458200699,1
2018-06-19,2018Q1,131,0.8981582239703735,0.097616,False,0.2110152675630169,0.2504347331004685,-0.0394194655374516,0.7579984962216917,1
2018-06-20,2018Q1,131,0.8981582239703735,0.096094,False,0.2063880708354994,0.2502510878315482,-0.043863016996048804,0.6983930199619077,1
2018-06-21,2018Q1,131,0.8981582239703735,0.1098119999999999,False,0.2500185030319547,0.2520150584833083,-0.0019965554513535766,1.0397609243042965,1
2018-06-22,2018Q1,131,0.8981582239703735,0.1021084999999999,False,0.2288147622565209,0.2286645823623863,0.00015017989413459998,1.0300719712897017,1
2018-06-25,2018Q1,131,0.8981582239703735,0.1292785,False,0.2612631819867814,0.2580256477839833,0.003237534202798098,1.0262568439697812,1
2018-06-26,2018Q1,131,0.8981582239703735,0.1245465,False,0.2549523341647031,0.2549116943292244,4.063983547869521e-05,0.9669599710241353,1
2018-06-27,2018Q1,131,0.8981582239703735,0.142938,False,0.3095672851645421,0.2570912591764485,0.052476025988093644,1.362190609481962,1
2018-06-28,2018Q1,132,0.9004947434077,0.130875,False,0.2666385914821437,0.2585725681408976,0.00806602334124612,0.9560836999327558,1
2018-06-29,2018Q1,132,0.9004947434077,0.120187,False,0.2327897838696433,0.2556321842869699,-0.022842400417326575,0.6695262270967731,1
2018-07-02,2018Q2,116,0.8514307448563316,0.1195745,False,0.2134753878189411,0.2666435793922467,-0.0531681915733056,0.38582946323525946,1
2018-07-03,2018Q2,116,0.8514307448563316,0.1236735,False,0.220748868735457,0.2586303270471233,-0.03788145831166631,0.4998014360487158,1
2018-07-05,2018Q2,116,0.8514307448563316,0.11431,False,0.1920736322994101,0.2691196076570114,-0.07704597535760127,0.13791160736708047,1
2018-07-06,2018Q2,116,0.8514307448563316,0.101739,False,0.1619506448957535,0.2807869804769674,-0.11883633558121387,-0.25133274304304787,0
2018-07-09,2018Q2,130,0.8964515856556621,0.086662,False,0.1262085473542597,0.2773666511570466,-0.1511581038027869,-0.5705194230256981,0
2018-07-10,2018Q2,130,0.8964515856556621,0.0914215,False,0.1455605495637873,0.278273003028331,-0.13271245346454372,-0.4446257576962092,0
2018-07-11,2018Q2,131,0.8986559818237578,0.100006,False,0.1657833198883241,0.2651597848027165,-0.09937646491439242,-0.1828914356709891,0
2018-07-12,2018Q2,131,0.8986559818237578,0.0910995,False,0.1411782502761026,0.2474229661837697,-0.1062447159076671,-0.3117009201832917,0
2018-07-13,2018Q2,131,0.8986559818237578,0.087688,False,0.1344796161485805,0.2402722037492484,-0.1057925876006679,-0.3785592128672949,0
2018-07-16,2018Q2,131,0.8986559818237578,0.089226,False,0.1350049074118878,0.2179660072430777,-0.08296109983118988,-0.1693858295927128,0
2018-07-17,2018Q2,131,0.8986559818237578,0.084586,False,0.124804593267561,0.2141446902992263,-0.0893400970316653,-0.30591822225272197,0
2018-07-18,2018Q2,131,0.8986559818237578,0.0861794999999999,False,0.1303301379596816,0.2126415833416043,-0.0823114453819227,-0.25789435423633605,0
2018-07-19,2018Q2,131,0.8986559818237578,0.092142,False,0.1472519104050347,0.2020704735875724,-0.054818563182537694,0.08758527202642945,0
2018-07-20,2018Q2,130,0.8964515856556621,0.0887485,False,0.1495280776883318,0.2046674303105179,-0.05513935262218611,0.04970032440253701,0
2018-07-23,2018Q2,130,0.8964515856556621,0.0923525,False,0.165726252178972,0.20108087376448,-0.035354621585508006,0.31793260710384197,0
2018-07-24,2018Q2,131,0.8986559818237578,0.0964895,False,0.1936419793505958,0.2029350460808332,-0.009293066730237415,0.7064698334031057,0
2018-07-25,2018Q2,131,0.8986559818237578,0.087048,False,0.1638565732387509,0.2085504230266574,-0.0446938497879065,0.09669942033004968,0
2018-07-26,2018Q2,131,0.8986559818237578,0.0882175,False,0.1653633560334996,0.1996692491205726,-0.03430589308707299,0.24039497700161122,0
2018-07-27,2018Q2,130,0.8947923208693486,0.0990959999999999,False,0.2246254168941562,0.204202747399581,0.02042266949457519,1.1759180869260362,1
2018-07-30,2018Q2,116,0.8514307448563316,0.103632,False,0.2218820738491451,0.2165216824803253,0.0053603913688198,0.8764143782613105,1
2018-07-31,2018Q2,116,0.8514307448563316,0.100492,False,0.2155618849266986,0.2142211143948953,0.001340770531803287,0.7823440019814337,1
2018-08-01,2018Q2,116,0.8514307448563316,0.0946655,False,0.2068572863824707,0.2007081587518181,0.00614912763065259,0.8441255685847491,1
2018-08-02,2018Q2,116,0.8514307448563316,0.088539,False,0.1914414280717881,0.2026950482538854,-0.011253620182097301,0.4944724206539819,1
2018-08-03,2018Q2,116,0.8514307448563316,0.082703,False,0.1827731078494519,0.1949186926757465,-0.012145584826294603,0.455054847940034,1
2018-08-06,2018Q2,116,0.8514307448563316,0.0800005,False,0.1828518329457678,0.2002169344712007,-0.017365101525432913,0.32749013281068157,1
2018-08-07,2018Q2,116,0.8514307448563316,0.0775295,False,0.1767092237400513,0.1564184496858854,0.020290774054165905,1.0501940637607738,1
2018-08-08,2018Q2,116,0.8514307448563316,0.078217,False,0.1891032752587556,0.1583106418436417,0.0307926334151139,1.2210613538693753,1
2018-08-09,2018Q2,116,0.8514307448563316,0.0820569999999999,False,0.2097281306566674,0.142133097810391,0.06759503284627641,1.8724443115073472,1
2018-08-10,2018Q2,116,0.8514307448563316,0.089402,False,0.233999289413269,0.1515569392577022,0.08244235015556681,2.046494710942676,1
2018-08-13,2018Q2,131,0.8986559818237578,0.100828,False,0.2767347007535466,0.1534435822121035,0.12329111854144312,2.6045278462451176,1
2018-08-14,2018Q2,130,0.8964515856556621,0.092834,False,0.2550665118530341,0.1581056630396128,0.09696084881342129,2.0458914328663727,1
2018-08-15,2018Q2,130,0.8961491786975166,0.1077839999999999,False,0.2946760282143962,0.1632793440566804,0.1313966841577158,2.46665598341167,1
2018-08-16,2018Q2,131,0.8986559818237578,0.095785,False,0.2547493289615836,0.1617087358976989,0.09304059306388468,1.78532179673815,1
2018-08-17,2018Q2,130,0.8964515856556621,0.088743,False,0.2416698973938678,0.1528720548710468,0.088797842522821,1.6626105756375127,1
2018-08-20,2018Q2,130,0.8964515856556621,0.0877965,False,0.2292118020447218,0.1411610054228516,0.08805079662187021,1.6031050445534363,1
2018-08-21,2018Q2,130,0.8964515856556621,0.086742,False,0.2302211505767391,0.1373663067923127,0.09285484378442638,1.628213558707913,1
2018-08-22,2018Q2,129,0.8939568999534814,0.0863825,False,0.2325872640761465,0.1263772715557831,0.1062099925203634,1.8345681955231967,1
2018-08-23,2018Q2,129,0.8939568999534814,0.088043,False,0.2415074382558457,0.1175512870547861,0.1239561512010596,2.020419973004382,1
2018-08-24,2018Q2,128,0.8892739219405807,0.082481,False,0.2237967499942459,0.1238430638793416,0.0999536861149043,1.6294904116966442,1
2018-08-27,2018Q2,126,0.8842512132656677,0.0820905,False,0.2108691834636415,0.1384134929895386,0.07245569047410291,1.1930148062185284,1
2018-08-28,2018Q2,127,0.8878658016998615,0.0839135,False,0.2219996081878704,0.1405222372328934,0.08147737095497701,1.27726176634568,1
2018-08-29,2018Q2,129,0.8939568999534814,0.0850259999999999,False,0.2298127851138316,0.1458256671084967,0.0839871180053349,1.268282137643743,1
2018-08-30,2018Q2,127,0.8875864358728311,0.091291,False,0.2458499457259404,0.146974759071629,0.09887518665431141,1.419867371342095,1
2018-08-31,2018Q2,129,0.8940638277216796,0.084781,False,0.209974002823451,0.1491774077422941,0.060796595081156896,0.8696578560320734,1
2018-09-04,2018Q2,116,0.8514307448563316,0.0921275,False,0.2097770762380202,0.1553998172468905,0.05437725899112969,0.7563496521035231,1
2018-09-05,2018Q2,116,0.8514307448563316,0.0972875,False,0.2165974545017052,0.1518645719745029,0.0647328825272023,0.8687071876650345,1
2018-09-06,2018Q2,116,0.8514307448563316,0.1024675,False,0.2334077646471651,0.1450668012658025,0.0883409633813626,1.1509520002794136,1
2018-09-07,2018Q2,116,0.8514307448563316,0.0987805,False,0.2208001681850487,0.1525506619474098,0.0682495062376389,0.8513546303828076,1
2018-09-10,2018Q2,130,0.8964515856556621,0.0984495,False,0.2176421581521341,0.142813569335248,0.07482858881688612,0.909884961549446,1
2018-09-11,2018Q2,130,0.8964515856556621,0.0913585,False,0.1875827676425195,0.1393123294614494,0.0482704381810701,0.5284005092377001,1
2018-09-12,2018Q2,130,0.8964515856556621,0.090358,False,0.1866400207504163,0.1375901361045369,0.049049884645879394,0.5176466749232965,1
2018-09-13,2018Q2,130,0.8964515856556621,0.0838805,False,0.1733042296646438,0.1529943706059581,0.02030985905868568,0.11196067272011573,1
2018-09-14,2018Q2,130,0.8964515856556621,0.0799505,False,0.168063527860404,0.1543400221296457,0.013723505730758284,0.008521965897152465,1
2018-09-17,2018Q2,130,0.8964515856556621,0.0918205,False,0.1754770023353019,0.160567341671552,0.01490966066374988,0.020995332774448948,1
2018-09-18,2018Q2,130,0.8964515856556621,0.089182,False,0.1826099330145911,0.1647907271340398,0.017819205880551303,0.05706820280318289,1
2018-09-19,2018Q2,130,0.8964515856556621,0.0865555,False,0.174471231411338,0.1585875448451989,0.015883686566139088,0.02747091388203876,1
2018-09-20,2018Q2,130,0.8964515856556621,0.083746,False,0.1733103086979076,0.1714621385172779,0.001848170180629688,-0.16657114353301894,0
2018-09-21,2018Q2,130,0.8964515856556621,0.082175,False,0.1711164508391678,0.1702221511296874,0.0008942997094804062,-0.16824005807645534,0
2018-09-24,2018Q2,130,0.8964515856556621,0.0891845,False,0.1586482969048165,0.1527007883671382,0.005947508537678281,-0.09788218657027448,0
2018-09-25,2018Q2,130,0.8964515856556621,0.0910525,False,0.1632759651032992,0.144937535887556,0.01833842921574319,0.06407216056587338,0
2018-09-26,2018Q2,131,0.8986559818237578,0.094624,False,0.1736659705127347,0.1440472337964059,0.02961873671632878,0.2026713017660863,0
2018-09-27,2018Q2,131,0.8986559818237578,0.0887775,False,0.1561745397497085,0.1294671931785426,0.026707346571165885,0.14769779305193184,0
2018-09-28,2018Q2,131,0.8986559818237578,0.085609,False,0.1443074870214577,0.1140803193974502,0.03022716762400751,0.17451516895735897,0
2018-10-01,2018Q3,117,0.8573014678876264,0.0851585,False,0.1246535145265667,0.1262187314534028,-0.0015652169268360883,-0.315703546058135,0
2018-10-02,2018Q3,117,0.8573014678876264,0.086261,False,0.1209763014158435,0.124585658125249,-0.003609356709405487,-0.40401214328520746,0
2018-10-03,2018Q3,117,0.8573014678876264,0.088309,False,0.1252342022875502,0.1245743637301758,0.0006598385573743926,-0.39185761705476824,0
2018-10-04,2018Q3,118,0.8637502757640158,0.105041,False,0.1584150966617206,0.1443553786364288,0.014059718025291795,-0.2109774785270259,0
2018-10-05,2018Q3,118,0.8637502757640158,0.1124449999999999,False,0.1801243253079881,0.1542300898025733,0.02589423550541481,-0.04964784035222206,0
2018-10-08,2018Q3,134,0.9123174511413876,0.1164705,False,0.1918495962943665,0.1384050348300937,0.05344456146427279,0.41318686960771966,0
2018-10-09,2018Q3,133,0.9100903537204772,0.126142,False,0.2266776593642413,0.1227807349987845,0.1038969243654568,1.3315755715462076,1
2018-10-10,2018Q3,134,0.9123174511413876,0.178175,False,0.3350696211706294,0.3305330882540049,0.0045365329166244805,-0.6331616687720549,0
2018-10-11,2018Q3,134,0.9123174511413876,0.2165795,False,0.43002008907058,0.3555980916861153,0.0744219973844647,0.7539654896614993,0
2018-10-12,2018Q3,133,0.9100903537204772,0.1710829999999999,False,0.3218839035619706,0.3837096523261131,-0.061825748764142485,-2.1031396218944343,0
2018-10-15,2018Q3,134,0.9123174511413876,0.1743279999999999,False,0.3520195596047695,0.383451136537996,-0.03143157693322651,-1.4961808067340705,0
2018-10-16,2018Q3,134,0.9123174511413876,0.1436095,False,0.2826376298940083,0.4320580359265829,-0.14942040603257456,-3.5783323450950864,0
2018-10-17,2018Q3,133,0.9100903537204772,0.142656,False,0.2782991995735512,0.4318769654100938,-0.1535777658365426,-3.2819050413428363,0
2018-10-18,2018Q3,133,0.9100903537204772,0.1669575,False,0.3257514149118195,0.4499078060870075,-0.12415639117518795,-2.621526760284275,0
2018-10-19,2018Q3,134,0.9123174511413876,0.1599745,False,0.3225491458420862,0.4343060094960254,-0.11175686365393916,-2.306500031487218,0
2018-10-22,2018Q3,134,0.9123174511413876,0.1617624999999999,False,0.3476862309786724,0.4302889886197549,-0.08260275764108249,-1.76252063386995,0
2018-10-23,2018Q3,134,0.9123174511413876,0.1765479999999999,False,0.375234772593973,0.4229276898732224,-0.0476929172792494,-1.1903695581714855,0
2018-10-24,2018Q3,134,0.9123174511413876,0.2177915,False,0.4378079486321831,0.4724528921082119,-0.03464494347602881,-0.9731536206234542,0
2018-10-25,2018Q3,134,0.9123174511413876,0.1937255,False,0.4085204624471313,0.4870634521732905,-0.0785429897261592,-1.5907732841487807,0
2018-10-26,2018Q3,134,0.9123174511413876,0.210828,False,0.4411763150442162,0.4905877863597838,-0.04941147131556756,-1.134250017503499,0
2018-10-29,2018Q3,117,0.8573014678876264,0.2093545,False,0.3870622487178036,0.486206281809777,-0.0991440330919734,-1.8057818586703687,0
2018-10-30,2018Q3,117,0.8573014678876264,0.1975965,False,0.3977698050366413,0.4851331316129161,-0.08736332657627482,-1.5876093441830852,0
2018-10-31,2018Q3,117,0.8573014678876264,0.1838739999999999,False,0.3937697685664056,0.4844161822914101,-0.09064641372500448,-1.5733909364697793,0
2018-11-01,2018Q3,118,0.8637502757640158,0.1656059999999999,False,0.3515009366643997,0.4786637293282979,-0.12716279266389824,-1.9757362192116799,0
2018-11-02,2018Q3,118,0.8637502757640158,0.1668635,False,0.3562243692921428,0.4649889891365834,-0.10876461984444058,-1.6542177862910963,0
2018-11-05,2018Q3,118,0.8637502757640158,0.1667415,False,0.3605199369015954,0.4660553735062689,-0.10553543660467352,-1.5476324995919035,0
2018-11-06,2018Q3,118,0.8637502757640158,0.1671405,False,0.3906212901956273,0.4683170179934042,-0.07769572779777689,-1.1495957401844736,0
2018-11-07,2018Q3,118,0.8637502757640158,0.1375684999999999,False,0.340417246640708,0.4924290233148877,-0.1520117766741797,-2.0158587705590594,0
2018-11-08,2018Q3,118,0.8637502757640158,0.138487,False,0.3428363788102096,0.489333188063566,-0.1464968092533564,-1.8703454796388836,0
2018-11-09,2018Q3,118,0.8637502757640158,0.142848,False,0.3247829910930773,0.4899325769386831,-0.1651495858456058,-2.0028492618103737,0
2018-11-12,2018Q3,133,0.9100903537204772,0.1750525,False,0.3874982890776287,0.492564217645019,-0.10506592856739033,-1.219224696340827,0
2018-11-13,2018Q3,133,0.9100903537204772,0.172399,False,0.3820512762541254,0.4906840791360045,-0.1086328028818791,-1.2212035502337262,0
2018-11-14,2018Q3,133,0.9100903537204772,0.1834965,False,0.3920724090600231,0.4924223415758407,-0.10034993251581759,-1.083575147517267,0
2018-11-15,2018Q3,134,0.9123174511413876,0.1732635,False,0.3844859665714643,0.4957280585570947,-0.1112420919856304,-1.1812330349316056,0
2018-11-16,2018Q3,133,0.9100903537204772,0.1585099999999999,False,0.3577443899662664,0.4896463935413556,-0.1319020035750892,-1.39858083608699,0
2018-11-19,2018Q3,133,0.9100903537204772,0.1809305,False,0.3853858584198937,0.4942760681276057,-0.10889020970771202,-1.0767550757451199,0
2018-11-20,2018Q3,134,0.9123174511413876,0.199313,False,0.4049610282650204,0.495715378973314,-0.09075435070829363,-0.8182397349797418,0
2018-11-21,2018Q3,133,0.9100903537204772,0.1822745,False,0.4040338015172677,0.4565486759357007,-0.052514874418433,-0.3062144469346648,0
2018-11-23,2018Q3,133,0.9100903537204772,0.1809555,False,0.3673710928492314,0.4499072644154359,-0.08253617156620446,-0.6696878400338694,0
2018-11-26,2018Q3,134,0.9123174511413876,0.1623605,False,0.3765310279828589,0.4508084048106177,-0.07427737682775876,-0.5354326198679502,0
2018-11-27,2018Q3,133,0.9100903537204772,0.1651159999999999,False,0.4039672239516967,0.4517126570112541,-0.04774543305955742,-0.15540769699743073,0
2018-11-28,2018Q3,133,0.9100903537204772,0.1611165,False,0.4204193038592271,0.4615727894461626,-0.04115348558693549,-0.044034528640766825,0
2018-11-29,2018Q3,131,0.9042297780536506,0.165831,False,0.4288970661927783,0.4672754063776314,-0.03837834018485309,0.0186006364661308,0
2018-11-30,2018Q3,132,0.906627610442905,0.1625115,False,0.4174469323045382,0.4597761206131083,-0.042329188308570076,-0.006613241166570986,0
2018-12-03,2018Q3,117,0.8602875324864436,0.1369739999999999,False,0.3674543526014702,0.4810426914461845,-0.11358833884471431,-1.0116555770391653,0
2018-12-04,2018Q3,117,0.8602875324864436,0.1793745,False,0.4494243822857721,0.5263034625772578,-0.07687908029148571,-0.44506848582086095,0
2018-12-06,2018Q3,117,0.8602875324864436,0.184385,False,0.4278030117555079,0.5272626857152078,-0.09945967395969996,-0.7592398010423339,0
2018-12-07,2018Q3,117,0.8602875324864436,0.2031945,False,0.4485488807524611,0.5228861715708941,-0.07433729081843304,-0.3495363834606751,0
2018-12-10,2018Q3,133,0.9088547078638156,0.197141,False,0.4231096741612301,0.499788000578295,-0.0766783264170649,-0.36445767290341274,0
2018-12-11,2018Q3,133,0.9088547078638156,0.1903409999999999,False,0.4207308828392699,0.4952590730711492,-0.07452819023187929,-0.3101226759712184,0
2018-12-12,2018Q3,133,0.9088547078638156,0.1893145,False,0.4602356634448747,0.5089626884942137,-0.04872702504933896,0.11857678532209784,0
2018-12-13,2018Q3,133,0.9088547078638156,0.180052,False,0.4336073061452816,0.5106919721281193,-0.07708466598283775,-0.3156696503949814,0
2018-12-14,2018Q3,133,0.9088547078638156,0.1876465,False,0.410283703171014,0.5230721308334472,-0.11278842766243319,-0.8668110286394621,0
2018-12-17,2018Q3,133,0.9088547078638156,0.2143985,False,0.4316908056191563,0.5333577902652686,-0.10166698464611235,-0.6599069280081916,0
2018-12-18,2018Q3,132,0.906627610442905,0.220279,False,0.4576806280100118,0.5384002613058334,-0.0807196332958216,-0.2954244308290844,0
2018-12-19,2018Q3,133,0.9088547078638156,0.2157055,False,0.4369323335398148,0.5452918029257189,-0.10835946938590407,-0.7272686756647306,0
2018-12-20,2018Q3,133,0.9088547078638156,0.246047,False,0.4855069744043781,0.5463960497296447,-0.060889075325266606,0.08914113425084325,0
2018-12-21,2018Q3,132,0.9060602018974544,0.2605735,False,0.4906354033061288,0.5245107584150264,-0.033875355108897554,0.5776645756109797,0
2018-12-24,2018Q3,132,0.9060602018974544,0.305828,False,0.5521625504540502,0.5382623005973772,0.01390024985667293,1.417774597530528,1
2018-12-26,2018Q3,132,0.9060602018974544,0.262282,False,0.4806044934696171,0.6401159630039456,-0.1595114695343285,-1.5574797958958173,0
2018-12-27,2018Q3,132,0.9060602018974544,0.270619,False,0.5153399412526876,0.6388127841265862,-0.12347284287389859,-0.8959728623828106,0
2018-12-28,2018Q3,132,0.9060602018974544,0.2449865,False,0.4657070131455186,0.6424397821185567,-0.17673276897303808,-1.757605725810673,0
2018-12-31,2018Q3,116,0.8574930265200826,0.2273839999999999,False,0.4066824325473753,0.6531379248830571,-0.24645549233568181,-2.743689472324882,0
2019-01-02,2018Q4,112,0.8450086950656132,0.2053245,False,0.3653606484024853,0.6459013245586933,-0.28054067615620804,-3.021417869672957,0
2019-01-03,2018Q4,112,0.8450086950656132,0.22901,False,0.4027041918222602,0.6499698175667997,-0.24726562574453953,-2.3766990232801772,0
2019-01-04,2018Q4,112,0.8450086950656132,0.1881225,False,0.3303453676380759,0.6875472478621696,-0.35720188022409366,-3.603689292071554,0
2019-01-07,2018Q4,133,0.9110973595161388,0.186559,False,0.3430293334076951,0.6730125523655088,-0.32998321895781374,-3.0710384958200154,0
2019-01-08,2018Q4,133,0.9110973595161388,0.1756075,False,0.3248313747820728,0.6752267225683408,-0.350395347786268,-3.0502619087980687,0
2019-01-09,2018Q4,133,0.9110973595161388,0.1725715,False,0.3277893867221367,0.6712291123917346,-0.34343972566959785,-2.8054485139508656,0
2019-01-10,2018Q4,132,0.9088626317176056,0.1680249999999999,False,0.3228343412901244,0.6681853834997231,-0.3453510422095987,-2.6127158026724824,0
2019-01-11,2018Q4,132,0.9088626317176056,0.1525535,False,0.2831017300836352,0.6686948876218101,-0.38559315753817486,-2.8239100748034907,0
2019-01-14,2018Q4,132,0.9088626317176056,0.1587955,False,0.3148451571161296,0.655056830014847,-0.34021167289871745,-2.197892234516425,0
2019-01-15,2018Q4,133,0.9110973595161388,0.1483085,False,0.3007570083648503,0.6549840479685264,-0.3542270396036761,-2.211105394015187,0
2019-01-16,2018Q4,133,0.9110973595161388,0.148187,False,0.3068399881669642,0.6500715533219309,-0.3432315651549667,-1.992822753745185,0
2019-01-17,2018Q4,133,0.9110973595161388,0.1433975,False,0.2941982785016055,0.6570873598286422,-0.3628890813270367,-2.0631637177741564,0
2019-01-18,2018Q4,133,0.9110973595161388,0.142604,False,0.3234259693953017,0.640970660553,-0.3175446911576983,-1.5744493572325664,0
2019-01-22,2018Q4,133,0.9110973595161388,0.1661544999999999,False,0.3643577040170289,0.6497311154631369,-0.285373411446108,-1.2367711383987048,0
2019-01-23,2018Q4,133,0.9110973595161388,0.1654749999999999,False,0.372430906259138,0.6297615899220155,-0.2573306836628775,-0.9504258497664154,0
2019-01-24,2018Q4,133,0.9110973595161388,0.152995,False,0.3256738707128492,0.6300391142629058,-0.3043652435500566,-1.3277307337717783,0
2019-01-25,2018Q4,133,0.9110973595161388,0.142505,False,0.3153927073988185,0.6242600586025883,-0.3088673512037698,-1.3197337302081926,0
2019-01-28,2018Q4,112,0.8450086950656132,0.1581015,False,0.3437576309795592,0.6281830453753717,-0.28442541439581254,-1.0667156401034692,0
2019-01-29,2018Q4,112,0.8450086950656132,0.1608875,False,0.3494372702067603,0.6252762467163271,-0.2758389765095668,-0.9591389902332011,0
2019-01-30,2018Q4,112,0.8450086950656132,0.1494384999999999,False,0.3420822111697483,0.6158909841419226,-0.27380877297217426,-0.9113605420767547,0
2019-01-31,2018Q4,112,0.8450086950656132,0.1391715,False,0.3254173803527312,0.5920784273904339,-0.2666610470377027,-0.8243586331204543,0
2019-02-01,2018Q4,112,0.8450086950656132,0.1312605,False,0.3269134411143344,0.589384952667592,-0.26247151155325765,-0.7635538501767544,0
2019-02-04,2018Q4,133,0.9110973595161388,0.126709,False,0.3302441257521086,0.5766040512299909,-0.24635992547788232,-0.602693829411769,0
2019-02-05,2018Q4,133,0.9110973595161388,0.126593,False,0.3552521880035895,0.5692795881849037,-0.21402740018131416,-0.30283654405864446,0
2019-02-06,2018Q4,133,0.9110973595161388,0.129411,False,0.3732523157844256,0.5557503239257018,-0.1824980081412762,-0.022027381959668482,0
2019-02-07,2018Q4,133,0.9110973595161388,0.1360215,False,0.3712116556606084,0.5271030056408137,-0.15589134998020532,0.21275342803368877,0
2019-02-08,2018Q4,133,0.9110973595161388,0.1290545,False,0.3307869594682803,0.3985972278363879,-0.0678102683681076,0.9635797590631509,0
2019-02-11,2018Q4,133,0.9110973595161388,0.1344715,False,0.3613589078210104,0.3981598750799031,-0.0368009672588927,1.2122522810507383,1
2019-02-12,2018Q4,133,0.9110973595161388,0.1250665,False,0.3453591705947637,0.4043152354570591,-0.05895606486229543,1.0082027149789399,1
2019-02-13,2018Q4,133,0.9110973595161388,0.1265545,False,0.3615754715122348,0.4016772065927605,-0.040101735080525724,1.152121659320058,1
2019-02-14,2018Q4,133,0.9110973595161388,0.1318929999999999,False,0.381807789900791,0.4059263953038562,-0.024118605403065208,1.2613648688545156,1
2019-02-15,2018Q4,133,0.9110973595161388,0.1179185,False,0.3296094191999988,0.3521826979339474,-0.0225732787339486,1.243495711798553,1
2019-02-19,2018Q4,132,0.908261386893644,0.1215405,False,0.3426663068741861,0.2448709050360136,0.09779540183817248,2.131340212472131,1
2019-02-20,2018Q4,131,0.903891975099802,0.1163225,False,0.3201205683044585,0.2476311819386439,0.07248938636581462,1.856051318391894,1
2019-02-21,2018Q4,131,0.9044999323853848,0.1186605,False,0.3211437068999135,0.2469281094569529,0.0742155974429606,1.812081248040285,1
2019-02-22,2018Q4,131,0.9038403644389456,0.108293,False,0.2851134339119738,0.2495052138294551,0.03560822008251871,1.4796827114060156,1
2019-02-25,2018Q4,112,0.8450086950656132,0.1155075,False,0.3179008909973583,0.2592731522786294,0.058627738718728895,1.6047155133684696,1
2019-02-26,2018Q4,111,0.8410281441978396,0.1168915,False,0.3339723519466268,0.2632220622136369,0.07075028973298986,1.6490931907313373,1
2019-02-27,2018Q4,111,0.8410281441978396,0.1185635,False,0.3423505111724806,0.255412717217536,0.08693779395494461,1.7159831236940877,1
2019-02-28,2018Q4,112,0.8450086950656132,0.118243,False,0.334632133234575,0.2504496315285245,0.08418250170605052,1.6518508110777372,1
2019-03-01,2018Q4,112,0.8450086950656132,0.1031665,False,0.2703712417203574,0.2627237994791143,0.007647442241243141,1.1083861397563384,1
2019-03-04,2018Q4,112,0.8450086950656132,0.114426,False,0.290661066727969,0.2620110728652059,0.028649993862763068,1.2218277766670496,1
2019-03-05,2018Q4,112,0.8450086950656132,0.1159095,False,0.3189172423765358,0.2507985778626004,0.06811866451393539,1.4507458981391348,1
2019-03-06,2018Q4,112,0.8450086950656132,0.1268515,False,0.358641201387165,0.2237490178628967,0.1348921835242683,1.8200951704419512,1
2019-03-07,2018Q4,112,0.8450086950656132,0.139859,False,0.4039519996843393,0.2470796790895888,0.1568723205947505,1.8816242820890703,1
2019-03-08,2018Q4,112,0.8450086950656132,0.133427,False,0.3591856009645153,0.255692094358488,0.1034935066060273,1.4969679939203944,1
2019-03-11,2018Q4,133,0.9110973595161388,0.116495,False,0.3294729681131016,0.2686036812639404,0.06086928684916121,1.2041925829578135,1
2019-03-12,2018Q4,133,0.9110973595161388,0.1098595,False,0.3016340931591691,0.2532145733576471,0.04841951980152204,1.1085001670823753,1
2019-03-13,2018Q4,132,0.9088626317176056,0.1085095,False,0.3101111285990403,0.2617574610626809,0.04835366753635939,1.0852804511431453,1
2019-03-14,2018Q4,132,0.9088626317176056,0.109399,False,0.3252946446050466,0.2466353214162226,0.07865932318882399,1.232734058030046,1
2019-03-15,2018Q4,133,0.9110973595161388,0.1024065,False,0.3028219578895414,0.2544814631859489,0.04834049470359253,1.027818264853779,1
2019-03-18,2018Q4,133,0.9110973595161388,0.1093365,False,0.325741992128766,0.2696203018643391,0.05612169026442687,1.0508154651623496,1
2019-03-19,2018Q4,133,0.9110973595161388,0.115235,False,0.3414550001935472,0.2671760406979423,0.07427895949560487,1.1268466146852427,1
2019-03-20,2018Q4,133,0.9110973595161388,0.117356,False,0.3406217062029409,0.26013962764549,0.08048207855745093,1.1374020603315271,1
2019-03-21,2018Q4,132,0.9096479252577468,0.117766,False,0.3343295717307262,0.2588512808686902,0.075478290862036,1.08916766330307,1
2019-03-22,2018Q4,134,0.9141763000153076,0.1449435,False,0.4208672531179294,0.3029387026920435,0.1179285504258859,1.3072025178819602,1
2019-03-25,2018Q4,133,0.91188265305628,0.143804,False,0.3719359572715666,0.3059442548857854,0.06599170238578117,0.9859980945810068,1
2019-03-26,2018Q4,133,0.9119415722167746,0.127914,False,0.3108291136970925,0.3081424835525657,0.0026866301445268026,0.6188252270407113,1
2019-03-27,2018Q4,133,0.91188265305628,0.1375685,False,0.3562600603779851,0.2910639184352263,0.0651961419427588,0.9381940331309352,1
2019-03-28,2018Q4,133,0.9119415722167746,0.128544,False,0.3249662898354056,0.2889299989421836,0.03603629089322202,0.7512778234005305,1
2019-03-29,2018Q4,114,0.8511758681186824,0.1152985,False,0.2669043052769929,0.3251035049304176,-0.05819919965342474,0.21127182104261508,1
2019-04-01,2019Q1,116,0.8554812519463679,0.110165,False,0.2171144997513392,0.3379141371136842,-0.12079963736234497,-0.1505376147742655,0
2019-04-02,2019Q1,116,0.8554812519463679,0.1065805,False,0.1981304696182774,0.3387135555541591,-0.1405830859358817,-0.28704701625443224,0
2019-04-03,2019Q1,116,0.8554812519463679,0.113907,False,0.2263956774829384,0.3383349108735061,-0.11193923339056769,-0.14646528216183152,0
2019-04-04,2019Q1,116,0.8554812519463679,0.1104495,False,0.2080680244363094,0.335139659172165,-0.1270716347358556,-0.2611766814355524,0
2019-04-05,2019Q1,116,0.8554812519463679,0.0997985,False,0.1698912194666309,0.3313887313957354,-0.16149751192910447,-0.49238650048465366,0
2019-04-08,2019Q1,136,0.9199415967408756,0.1032845,False,0.1886737451203942,0.3169360291371186,-0.1282622840167244,-0.32040680541453553,0
2019-04-09,2019Q1,135,0.91748924740659,0.1128555,False,0.2167926089554654,0.3241714884883725,-0.10737887953290712,-0.22727971241457642,0
2019-04-10,2019Q1,136,0.9199415967408756,0.1066695,False,0.1956378808453717,0.3305760286341492,-0.1349381477887775,-0.43515070887145424,0
2019-04-11,2019Q1,136,0.9199415967408756,0.1040855,False,0.1828409664232386,0.3295630237856485,-0.1467220573624099,-0.5500612092082429,0
2019-04-12,2019Q1,136,0.9199415967408756,0.094422,False,0.1530475684420491,0.3055936272255017,-0.15254605878345262,-0.6276683144941558,0
2019-04-15,2019Q1,136,0.9199415967408756,0.098277,False,0.1682136598281602,0.303574802281115,-0.1353611424529548,-0.5548508374996719,0
2019-04-16,2019Q1,135,0.91748924740659,0.096825,False,0.1713258355588661,0.2859499351979257,-0.11462409963905962,-0.4432698508227643,0
2019-04-17,2019Q1,135,0.91748924740659,0.1024275,False,0.1820534429800302,0.2614979351905722,-0.07944449221054198,-0.21461095800966798,0
2019-04-18,2019Q1,136,0.9199415967408756,0.0975165,False,0.170759950242463,0.2428432121336895,-0.07208326189122652,-0.18619463420080098,0
2019-04-22,2019Q1,135,0.91748924740659,0.0988995,False,0.1771039608644369,0.2374845346009989,-0.060380573736562,-0.1317494991188025,0
2019-04-23,2019Q1,136,0.9199415967408756,0.0953805,False,0.1708128390777889,0.2128879912674829,-0.04207515218969399,-0.021828362309463608,0
2019-04-24,2019Q1,136,0.9199415967408756,0.104138,False,0.2048901883276926,0.2150290225937486,-0.010138834266055996,0.21360705063456414,0
2019-04-25,2019Q1,136,0.9199415967408756,0.103737,False,0.2100435820174716,0.1950776015829593,0.014965980434512277,0.4032917561723823,0
2019-04-26,2019Q1,136,0.9199415967408756,0.098606,False,0.2097359052583502,0.1862017683478845,0.023534136910465714,0.4539668370075182,0
2019-04-29,2019Q1,117,0.8576338935127138,0.0990975,False,0.2113713627758009,0.1902441335612456,0.021127229214555315,0.4042936688827339,0
2019-04-30,2019Q1,117,0.8576338935127138,0.0980755,False,0.2222057309997361,0.1748328783839128,0.0473728526158233,0.6395671884153519,0
2019-05-01,2019Q1,117,0.8576338935127138,0.1147575,False,0.3205561145915017,0.1758839306676724,0.14467218392382927,1.6129496976964433,1
2019-05-02,2019Q1,117,0.8576338935127138,0.115715,False,0.3155577224033117,0.1804096259224319,0.1351480964808798,1.4846933323089053,1
2019-05-03,2019Q1,117,0.8576338935127138,0.100259,False,0.2613109398707552,0.1862734223466427,0.0750375175241125,0.8135987283190961,1
2019-05-06,2019Q1,117,0.8576338935127138,0.121598,False,0.3305392831727363,0.11598751494499,0.2145517682277463,2.246746570881642,1
2019-05-07,2019Q1,117,0.8576338935127138,0.171207,False,0.4901414310489714,0.173557933964644,0.3165834970843274,3.0315184325868083,1
2019-05-08,2019Q1,117,0.8576338935127138,0.172214,False,0.5169035727224518,0.1700354115375103,0.34686816118494146,3.0112357301789077,1
2019-05-09,2019Q1,117,0.8576338935127138,0.1697265,False,0.4879678071315802,0.1659770769197659,0.32199073021181435,2.5747812649477244,1
2019-05-10,2019Q1,117,0.8576338935127138,0.1365265,False,0.3724666322241567,0.1650738016102558,0.2073928306139009,1.5128914418296742,1
2019-05-13,2019Q1,136,0.9199415967408756,0.178499,False,0.5037409397917876,0.240068241537626,0.2636726982541616,1.8964597365915594,1
2019-05-14,2019Q1,136,0.9199415967408756,0.1613665,False,0.4959832394123261,0.2342370399824178,0.2617461994299083,1.7929143814525779,1
2019-05-15,2019Q1,136,0.9199415967408756,0.145625,False,0.4475394691495051,0.2387519652387068,0.2087875039107983,1.3305081935664747,1
2019-05-16,2019Q1,136,0.9199415967408756,0.134013,False,0.4301529501621699,0.2498789526408599,0.18027399752131001,1.0778056682234354,1
2019-05-17,2019Q1,136,0.9199415967408756,0.1373255,False,0.4227887189270732,0.2537907506270479,0.16899796830002528,0.9685722618160738,1
2019-05-20,2019Q1,136,0.9199415967408756,0.145872,False,0.4169410644399504,0.2519838034270629,0.1649572610128875,0.9132997117370749,1
2019-05-21,2019Q1,135,0.91748924740659,0.131984,False,0.390057076659439,0.2595734496409543,0.1304836270184847,0.6328828862999482,1
2019-05-22,2019Q1,136,0.9199415967408756,0.130393,False,0.3740886754914147,0.2500548829203203,0.12403379257109443,0.5743381492431935,1
2019-05-23,2019Q1,136,0.9199415967408756,0.148984,False,0.4020257084845422,0.2582898348239441,0.14373587366059815,0.7170778930953863,1
2019-05-24,2019Q1,136,0.9199415967408756,0.1401905,False,0.4088447433246608,0.2594530452522658,0.149391698072395,0.7491520217243726,1
2019-05-28,2019Q1,136,0.9199415967408756,0.1550004999999999,False,0.444927312822702,0.274183995048425,0.17074331777427698,0.8872918513260234,1
2019-05-29,2019Q1,135,0.91748924740659,0.1629439999999999,False,0.4499450498196738,0.2754981817590409,0.17444686806063292,0.8911756075786001,1
2019-05-30,2019Q1,135,0.91748924740659,0.1581575,False,0.4409168202823708,0.2873587111764925,0.1535581091058783,0.718484833755102,1
2019-05-31,2019Q1,136,0.9199415967408756,0.17458,False,0.4898986620696674,0.3225107677452348,0.16738789432443263,0.8166230502010421,1
2019-06-03,2019Q1,117,0.8576338935127138,0.1769405,False,0.4642476448281563,0.3110051259257464,0.15324251890240986,0.7106343532629069,1
2019-06-04,2019Q1,117,0.8576338935127138,0.1563415,False,0.4264277505618994,0.3703583067313489,0.056069443830550514,-0.016538970761987123,0
2019-06-05,2019Q1,117,0.8576338935127138,0.145767,False,0.3759444376508796,0.3673936524925473,0.008550785158332297,-0.36837435247484823,0
2019-06-06,2019Q1,117,0.8576338935127138,0.140992,False,0.3752878375918194,0.3765097973818695,-0.0012219597900501311,-0.4351544659319742,0
2019-06-07,2019Q1,117,0.8576338935127138,0.137229,False,0.3708918160234581,0.4060973083480468,-0.035205492324588694,-0.6779161067519718,0
2019-06-10,2019Q1,136,0.9199415967408756,0.1387844999999999,False,0.3801946251327432,0.3980183851207868,-0.017823759988043586,-0.534291859246588,0
2019-06-11,2019Q1,136,0.9199415967408756,0.1405755,False,0.3905143762316062,0.3968845482745876,-0.0063701720429814035,-0.44100340267204324,0
2019-06-12,2019Q1,136,0.9199415967408756,0.1410435,False,0.3950272367988966,0.4123658460174464,-0.017338609218549794,-0.5126528735949951,0
2019-06-13,2019Q1,136,0.9199415967408756,0.140134,False,0.4046949916756033,0.4216254991000267,-0.016930507424423424,-0.49733794906069567,0
2019-06-14,2019Q1,136,0.9199415967408756,0.1325974999999999,False,0.3729062617012164,0.4239552915044945,-0.051049029803278134,-0.7318420966045152,0
2019-06-17,2019Q1,136,0.9199415967408756,0.135247,False,0.3574229393177301,0.4167141608225132,-0.05929122150478311,-0.7725532748419249,0
2019-06-18,2019Q1,136,0.9199415967408756,0.131046,False,0.3459002946238268,0.4215751330683632,-0.07567483844453637,-0.8660771845014427,0
2019-06-19,2019Q1,136,0.9199415967408756,0.1262775,False,0.3318284071237344,0.3936735747939787,-0.06184516767024428,-0.7454486243680684,0
2019-06-20,2019Q1,135,0.91748924740659,0.125975,False,0.3406592965563015,0.3975663548869819,-0.05690705833068038,-0.6995644484114905,0
2019-06-21,2019Q1,136,0.9199415967408756,0.1282085,False,0.3535241966828042,0.3950265630370485,-0.04150236635424426,-0.5729286081767295,0
2019-06-24,2019Q1,136,0.9199415967408756,0.132574,False,0.3243528920008875,0.3956119923350019,-0.07125910033411437,-0.7721810704607092,0
2019-06-25,2019Q1,136,0.9199415967408756,0.1412705,False,0.3389249163131141,0.3406630230356397,-0.001738106722525612,-0.2772850273933997,0
2019-06-26,2019Q1,136,0.9199415967408756,0.1424365,False,0.3462742922034177,0.3234956296598869,0.022778662543530837,-0.11812464035355302,0
2019-06-27,2019Q1,135,0.9149460157881024,0.137321,False,0.3276031277405741,0.3251265988937796,0.0024765288467945012,-0.2886828756703383,0
2019-06-28,2019Q1,134,0.9109633776182458,0.1294595,False,0.293756207384387,0.3168593206622421,-0.02310311327785508,-0.4946121759691259,0
2019-07-01,2019Q2,115,0.8530668110733607,0.116137,False,0.2555178295982188,0.3385177332256717,-0.08299990362745291,-0.9560155799299825,0
2019-07-02,2019Q2,115,0.8530668110733607,0.1055395,False,0.2211605676862,0.3346355936566793,-0.11347502597047929,-1.2025994136972094,0
2019-07-03,2019Q2,115,0.8530668110733607,0.1040715,False,0.2160703853157725,0.3352332834683172,-0.11916289815254472,-1.2489977463843396,0
2019-07-05,2019Q2,115,0.8530668110733607,0.1051,False,0.2100984669290912,0.3443907983615272,-0.134292331432436,-1.3551472255951167,0
2019-07-08,2019Q2,137,0.9235816577934493,0.113855,False,0.2530503228024917,0.3154877517567691,-0.062437428954277396,-0.8265893264303651,0
2019-07-09,2019Q2,137,0.9235816577934493,0.1162344999999999,False,0.2609886311055649,0.3161230457460746,-0.055134414640509666,-0.7929627977716749,0
2019-07-10,2019Q2,137,0.9235816577934493,0.109304,False,0.2395654939292268,0.304374163987291,-0.0648086700580642,-0.8923106387068912,0
2019-07-11,2019Q2,137,0.9235816577934493,0.105739,False,0.2243202833561471,0.284267262000171,-0.0599469786440239,-0.8741088909047011,0
2019-07-12,2019Q2,137,0.9235816577934493,0.0990325,False,0.197009101979191,0.2762485722983379,-0.07923947031914688,-1.0388410453734442,0
2019-07-15,2019Q2,137,0.9235816577934493,0.1055035,False,0.2228873722257953,0.2363369199303904,-0.01344954770459511,-0.5226458257086849,0
2019-07-16,2019Q2,137,0.9235816577934493,0.1028525,False,0.2074597496938842,0.2646336462978264,-0.057173896603942176,-0.880220049366763,0
2019-07-17,2019Q2,137,0.9235816577934493,0.1139085,False,0.2485656738524112,0.2044042827663389,0.04416139108607231,-0.07315290941701352,0
2019-07-18,2019Q2,136,0.9209305804575176,0.110361,False,0.2400008076511312,0.1939101305705004,0.046090677080630776,-0.06975888704111627,0
2019-07-19,2019Q2,137,0.9235816577934493,0.1131325,False,0.2618295326322445,0.2002093340355014,0.061620198596743114,0.04802115628645325,0
2019-07-22,2019Q2,137,0.9235816577934493,0.109737,False,0.2440503734285303,0.1789869997996721,0.06506337362885822,0.06954864285177911,0
2019-07-23,2019Q2,136,0.9209305804575176,0.100704,False,0.2043911438511494,0.1829040386600959,0.021487105191053485,-0.2890653988069466,0
2019-07-24,2019Q2,136,0.9209305804575176,0.099923,False,0.2099412775137173,0.1775778766273816,0.032363400886335714,-0.20110951148770098,0
2019-07-25,2019Q2,137,0.9235816577934493,0.105534,False,0.2312406537279135,0.1818072300510045,0.049433423676909005,-0.06075241307108087,0
2019-07-26,2019Q2,136,0.9209305804575176,0.0957805,False,0.219213907879011,0.1745403891838025,0.0446735186952085,-0.08662511086400108,0
2019-07-29,2019Q2,115,0.8530668110733607,0.1026875,False,0.2388589916986716,0.174708826194278,0.06415016550439362,0.08467558763785908,0
2019-07-30,2019Q2,115,0.8530668110733607,0.1134324999999999,False,0.2883257852504705,0.1767175818802895,0.11160820337018099,0.4730618975227045,0
2019-07-31,2019Q2,115,0.8530668110733607,0.131905,False,0.3768911524127864,0.1861806560921676,0.19071049632061882,1.1370689825821467,1
2019-08-01,2019Q2,115,0.8530668110733607,0.1562985,False,0.4416013711864299,0.192139313684142,0.2494620575022879,1.6660814105001465,1
2019-08-02,2019Q2,115,0.8530668110733607,0.1625025,False,0.4462184983901037,0.1829737426872654,0.2632447557028383,1.8429411580981863,1
2019-08-05,2019Q2,115,0.8530668110733607,0.2090885,False,0.5306088633896784,0.3082729414766005,0.22233592191307788,1.5455656558593178,1
2019-08-06,2019Q2,115,0.8530668110733607,0.1732179999999999,False,0.4327660088498649,0.3305437952039369,0.10222221364592798,0.4915977479558648,1
2019-08-07,2019Q2,115,0.8530668110733607,0.1729235,False,0.421235048625712,0.3188037980205618,0.10243125060515018,0.5347414759340182,1
2019-08-08,2019Q2,115,0.8530668110733607,0.144345,False,0.3704805818503023,0.3658636617859703,0.0046169200643320085,-0.3571857250194322,0
2019-08-09,2019Q2,115,0.8530668110733607,0.153453,False,0.3997109858492125,0.3672119574933727,0.03249902835583979,-0.0581930695125316,0
2019-08-12,2019Q2,137,0.9235816577934493,0.182592,False,0.5024707973084825,0.3770176009743574,0.12545319633412516,0.8877742633309167,0
2019-08-13,2019Q2,137,0.9235816577934493,0.153988,False,0.4281144757391703,0.3947264010891982,0.033388074649972066,-0.01812747087455207,0
2019-08-14,2019Q2,137,0.9235816577934493,0.2059375,False,0.5548880245128098,0.4604492703113029,0.09443875420150694,0.6266406732275338,0
2019-08-15,2019Q2,137,0.9235816577934493,0.1969085,False,0.5420393440659285,0.4401079759705643,0.10193136809536418,0.712296607759988,0
2019-08-16,2019Q2,137,0.9235816577934493,0.160321,False,0.4546759514907513,0.4568139436458998,-0.0021379921551484826,-0.35150168468792087,0
2019-08-19,2019Q2,137,0.9235816577934493,0.1453465,False,0.4154501088187053,0.4676549956493944,-0.05220488683068908,-0.846905459876328,0
2019-08-20,2019Q2,136,0.9209305804575176,0.1549085,False,0.4483610302488901,0.469394290711129,-0.021033260462238856,-0.4943619851138117,0
2019-08-21,2019Q2,137,0.9235816577934493,0.1414429999999999,False,0.4091000822631314,0.4695600558654208,-0.06045997360228944,-0.8865920051434795,0
2019-08-22,2019Q2,137,0.9235816577934493,0.145724,False,0.4083906610345548,0.4764872896782566,-0.0680966286437018,-0.9409225944154075,0
2019-08-23,2019Q2,137,0.9235816577934493,0.1836674999999999,False,0.4848903988849677,0.521830852192258,-0.03694045330729029,-0.5727023871460927,0
2019-08-26,2019Q2,136,0.9209305804575176,0.172304,False,0.4597489967040306,0.5294751747437476,-0.06972617803971703,-0.9123899180228959,0
2019-08-27,2019Q2,137,0.9235816577934493,0.1816115,False,0.5070054181840823,0.5262853232649344,-0.01927990508085209,-0.3112354937952109,0
2019-08-28,2019Q2,136,0.9209305804575176,0.173254,False,0.4963446579844096,0.5319010408004706,-0.03555638281606105,-0.483665090653289,0
2019-08-29,2019Q2,137,0.9235816577934493,0.1531335,False,0.4440641179174107,0.5495993112584585,-0.10553519334104783,-1.2608071319453813,0
2019-08-30,2019Q2,136,0.9214007351902233,0.155604,False,0.4630460722880122,0.5537815605348183,-0.0907354882468061,-1.0627679999862945,0
2019-09-03,2019Q2,115,0.8530668110733607,0.169253,False,0.456716267377072,0.5603072820836418,-0.10359101470656978,-1.1836926742549931,0
2019-09-04,2019Q2,115,0.8530668110733607,0.1482655,False,0.3934601270741704,0.5687098151910668,-0.1752496881168964,-1.9011105140645936,0
2019-09-05,2019Q2,115,0.8530668110733607,0.1286489999999999,False,0.3359608431843468,0.5823361790340291,-0.2463753358496823,-2.489976013278537,0
2019-09-06,2019Q2,115,0.8530668110733607,0.120291,False,0.3133456354320826,0.5867082984644378,-0.27336266303235524,-2.5657404489398723,0
2019-09-09,2019Q2,137,0.9235816577934493,0.1229835,False,0.3038189164326154,0.5782935357311509,-0.27447461929853556,-2.405219216699531,0
2019-09-10,2019Q2,137,0.9235816577934493,0.121482,False,0.2880968939386794,0.5650429076028851,-0.27694601366420574,-2.285340599708205,0
2019-09-11,2019Q2,137,0.9235816577934493,0.1198279999999999,False,0.3018238104697087,0.5705332346083275,-0.2687094241386188,-2.0998845876593295,0
2019-09-12,2019Q2,137,0.9235816577934493,0.115338,False,0.2924314022996799,0.5687750194463452,-0.27634361714666533,-2.0604263298857726,0
2019-09-13,2019Q2,137,0.9235816577934493,0.109287,False,0.2766781532964413,0.5735037923977829,-0.29682563910134163,-2.1115623836431117,0
2019-09-16,2019Q2,137,0.9235816577934493,0.1234629999999999,False,0.2909054824131188,0.5694335448723822,-0.27852806245926337,-1.8794682629266606,0
2019-09-17,2019Q2,137,0.9235816577934493,0.119706,False,0.2850627911860308,0.5102901452572834,-0.22522735407125266,-1.42417726819434,0
2019-09-18,2019Q2,137,0.9235816577934493,0.1196069999999999,False,0.2948948226776711,0.5024891144298758,-0.20759429175220467,-1.2583367225913122,0
2019-09-19,2019Q2,136,0.918433678873101,0.118042,False,0.305483066517578,0.5119478015911021,-0.20646473507352409,-1.2099337763349056,0
2019-09-20,2019Q2,137,0.9235816577934493,0.125965,False,0.3343954484262701,0.4862599115781544,-0.1518644631518843,-0.7871374029753778,0
2019-09-23,2019Q2,136,0.918433678873101,0.1260075,False,0.289514890449851,0.4914029556212923,-0.2018880651714413,-1.1153609718988147,0
2019-09-24,2019Q2,137,0.9235816577934493,0.1465545,False,0.3448091437656669,0.4818812340728515,-0.1370720903071846,-0.6325474736694631,0
2019-09-25,2019Q2,137,0.9235816577934493,0.137439,False,0.3270643017540876,0.4633498113121487,-0.13628550955806107,-0.6187844022909892,0
2019-09-26,2019Q2,137,0.9235816577934493,0.1384275,False,0.3271967657473125,0.3743876913637448,-0.04719092561643229,0.011542293262816606,0
2019-09-27,2019Q2,137,0.9235816577934493,0.1471589999999999,False,0.3445740268059389,0.392069151737784,-0.0474951249318451,0.0007892941942953913,0
2019-09-30,2019Q2,115,0.8530668110733607,0.1424895,False,0.2995569839715716,0.3875132728691081,-0.08795628889753648,-0.2965342059993983,0
2019-10-01,2019Q3,112,0.8436989276874728,0.1624815,False,0.3607743815039509,0.3841520133228832,-0.023377631818932265,0.16441426941840356,0
2019-10-02,2019Q3,112,0.8436989276874728,0.1899095,False,0.4245150822674737,0.4165211658133226,0.007993916454151095,0.38254441514246973,0
2019-10-03,2019Q3,112,0.8436989276874728,0.1775665,False,0.3938110120677731,0.4197292271516297,-0.02591821508385661,0.13367629884549187,0
2019-10-04,2019Q3,112,0.8436989276874728,0.1487695,False,0.3176966662240037,0.4455879915770153,-0.12789132535301156,-0.5907753235010231,0
2019-10-07,2019Q3,136,0.9225892472242428,0.1569555,False,0.3562811945552411,0.3541692390843425,0.0021119554708985966,0.3327968121879556,0
2019-10-08,2019Q3,136,0.9225892472242428,0.187642,False,0.4372088633898981,0.371520479091048,0.0656883842988501,0.7758912655860968,0
2019-10-09,2019Q3,136,0.9225892472242428,0.1700045,False,0.3853834436589158,0.3871459514029967,-0.0017625077440808767,0.28733470560444324,0
2019-10-10,2019Q3,136,0.9225892472242428,0.16082,False,0.3549839314758022,0.3883692661339209,-0.033385334658118715,0.07105802026377642,0
2019-10-11,2019Q3,136,0.9225892472242428,0.1387585,False,0.283423372514284,0.3798383322415865,-0.09641495972730246,-0.3641821691183244,0
2019-10-14,2019Q3,136,0.9225892472242428,0.131445,False,0.270781560203869,0.3802959111706874,-0.10951435096681839,-0.4392651332063733,0
2019-10-15,2019Q3,136,0.9225892472242428,0.1182585,False,0.2361022630613905,0.3813782879033621,-0.14527602484197158,-0.6728906844993026,0
2019-10-16,2019Q3,136,0.9225892472242428,0.1205509999999999,False,0.245540016146486,0.3694657149348065,-0.12392569878832052,-0.5014424865444163,0
2019-10-17,2019Q3,136,0.9225892472242428,0.11827,False,0.2572475258642534,0.3551827780620176,-0.09793525219776417,-0.29892417886924955,0
2019-10-18,2019Q3,136,0.9225892472242428,0.124522,False,0.2664214176212684,0.3471566728400407,-0.08073525521877228,-0.15950538258683009,0
2019-10-21,2019Q3,136,0.9225892472242428,0.1196985,False,0.2503201877818576,0.3642143139979174,-0.11389412621605982,-0.38285422796300433,0
2019-10-22,2019Q3,136,0.9225892472242428,0.122611,False,0.2512529391475648,0.3617090566204543,-0.11045611747288947,-0.3386426974070257,0
2019-10-23,2019Q3,135,0.9198124863969792,0.1202125,False,0.2527479240775112,0.3547068092667305,-0.1019588851892193,-0.2536124308165282,0
2019-10-24,2019Q3,135,0.9198124863969792,0.11515,False,0.250283824569696,0.3446219825696913,-0.09433815799999529,-0.16682963473184964,0
2019-10-25,2019Q3,136,0.9225892472242428,0.1060355,False,0.237236443535587,0.340376095414939,-0.103139651879352,-0.20019027728405883,0
2019-10-28,2019Q3,112,0.8436989276874728,0.109184,False,0.2592816634668587,0.3518811702659447,-0.09259950679908596,-0.07102680887649644,0
2019-10-29,2019Q3,112,0.8436989276874728,0.1109735,False,0.2817034673756802,0.3449279769287346,-0.06322450955305442,0.24286970030314842,0
2019-10-30,2019Q3,112,0.8436989276874728,0.1024509999999999,False,0.2410113399544069,0.3399328297930342,-0.09892148983862728,-0.06083665032971717,0
2019-10-31,2019Q3,112,0.8436989276874728,0.107492,False,0.2903777959053211,0.3419290500068718,-0.0515512541015507,0.4313927261522764,0
2019-11-01,2019Q3,112,0.8436989276874728,0.0975165,False,0.2602574760101708,0.341948849034186,-0.08169137302401519,0.14865365770184896,0
2019-11-04,2019Q3,112,0.8436989276874728,0.1017315,False,0.2575297965002007,0.3308954052801673,-0.07336560877996662,0.2528145974433732,0
2019-11-05,2019Q3,112,0.8436989276874728,0.104552,False,0.270745577130339,0.3173195083826724,-0.046573931252333445,0.5773494126779357,0
2019-11-06,2019Q3,112,0.8436989276874728,0.1059605,False,0.2991696263761526,0.3155393593018722,-0.016369732925719638,0.9147343684761241,0
2019-11-07,2019Q3,112,0.8436989276874728,0.1046125,False,0.2923967686516877,0.3160917720165874,-0.023695003364899714,0.8859918922703847,0
2019-11-08,2019Q3,112,0.8436989276874728,0.0982035,False,0.2706429429451411,0.3120298109284152,-0.04138686798327412,0.7477655034083124,0
2019-11-11,2019Q3,135,0.9198124863969792,0.1065734999999999,False,0.303564071102033,0.3039036168213788,-0.0003395457193458018,1.218940851076419,1
2019-11-12,2019Q3,136,0.9225892472242428,0.1054529999999999,False,0.3020127232141489,0.2849162176943394,0.017096505519809513,1.3872184512637562,1
2019-11-13,2019Q3,135,0.9198124863969792,0.109059,False,0.313319897371082,0.2178626231636548,0.09545727420742722,2.1770152586053313,1
2019-11-14,2019Q3,136,0.9225892472242428,0.1082114999999999,False,0.3207390038402141,0.2092442472622133,0.11149475657800079,2.2243335167405687,1
2019-11-15,2019Q3,136,0.9225892472242428,0.0979595,False,0.2867205395341768,0.1798212371073732,0.10689930242680362,2.067023433907946,1
2019-11-18,2019Q3,135,0.9200705261689306,0.1026789999999999,False,0.2833044248750275,0.172725430116106,0.1105789947589215,2.012027307363457,1
2019-11-19,2019Q3,135,0.9200705261689306,0.1044779999999999,False,0.2882042570556714,0.1121405176389463,0.1760637394167251,2.4725363955290502,1
2019-11-20,2019Q3,135,0.9200705261689306,0.1055145,False,0.2763918127075346,0.104778537733089,0.17161327497444562,2.298623526380835,1
2019-11-21,2019Q3,136,0.9225892472242428,0.11023,False,0.3018527819209636,0.1013801335360541,0.2004726483849095,2.396034747075031,1
2019-11-22,2019Q3,136,0.9225892472242428,0.102238,False,0.28341050245157,0.0889850673747499,0.1944254350768201,2.2049675600298513,1
2019-11-25,2019Q3,135,0.9171826741232066,0.093677,False,0.2662691614550451,0.0913281460078986,0.1749410154471465,1.945435231203836,1
2019-11-26,2019Q3,134,0.9172937653416672,0.0928715,False,0.2686371726922253,0.0800606262534985,0.18857654643872682,1.9477451050589842,1
2019-11-27,2019Q3,131,0.9053638572018136,0.0922355,False,0.2603168897971845,0.0784221607844968,0.18189472901268766,1.8093347221839546,1
2019-11-29,2019Q3,133,0.913127313211624,0.099086,False,0.2865939763278482,0.0865251615242242,0.20006881480362404,1.860578783909469,1
2019-12-02,2019Q3,112,0.8436989276874728,0.1201795,False,0.3755146450215144,0.111579805113657,0.2639348399078574,2.2100561888595696,1
2019-12-03,2019Q3,112,0.8436989276874728,0.13449,False,0.4236706786085001,0.1215544079089005,0.3021162706995996,2.3487954478222477,1
2019-12-04,2019Q3,112,0.8436989276874728,0.1266085,False,0.4191166566358837,0.1309774436961467,0.288139212939737,2.1494987643214243,1
2019-12-05,2019Q3,112,0.8436989276874728,0.1235445,False,0.4226534969372082,0.1338046176748442,0.288848879262364,2.0611792599582834,1
2019-12-06,2019Q3,112,0.8436989276874728,0.1071115,False,0.356429271766951,0.1567286517209901,0.1997006200459609,1.4230065361716868,1
2019-12-09,2019Q3,136,0.9225892472242428,0.122519,False,0.4156529500678013,0.1523639018569753,0.263289048210826,1.7977348698833102,1
2019-12-10,2019Q3,136,0.9225892472242428,0.125216,False,0.4334632316428488,0.1522612929290043,0.28120193871384447,1.8573987069648514,1
2019-12-11,2019Q3,136,0.9225892472242428,0.124065,False,0.4329653302898491,0.1565673939641538,0.2763979363256953,1.7585807939627607,1
2019-12-12,2019Q3,136,0.9225892472242428,0.1090599999999999,False,0.3389885741304714,0.1696662832679986,0.1693222908624728,1.004051927709934,1
2019-12-13,2019Q3,136,0.9225892472242428,0.094559,False,0.3052597852905737,0.1638936184357804,0.14136616685479328,0.7860360175863589,1
2019-12-16,2019Q3,136,0.9225892472242428,0.091951,False,0.2676251024663075,0.1638233081402571,0.10380179432605038,0.5013192950792927,1
2019-12-17,2019Q3,136,0.9225892472242428,0.0919035,False,0.2693698624182074,0.1752046587428843,0.09416520367532308,0.4080369910472574,1
2019-12-18,2019Q3,134,0.9172937653416672,0.0980979999999999,False,0.3088091783001749,0.1804943001276568,0.1283148781725181,0.6280335882995342,1
2019-12-19,2019Q3,134,0.9172937653416672,0.0932205,False,0.2843885235579106,0.184935426299571,0.09945309725833962,0.39523113716608554,1
2019-12-20,2019Q3,134,0.9172885365205196,0.094861,False,0.3132114364960475,0.1870475224517407,0.1261639140443068,0.5711439448784247,1
2019-12-23,2019Q3,134,0.9172885365205196,0.0928845,False,0.273794945564338,0.1880255312476429,0.08576941431669508,0.2582787068108159,1
2019-12-24,2019Q3,133,0.9147698154652076,0.0925455,False,0.2607833651231512,0.1898955785230753,0.07088778660007591,0.12986771451481824,1
2019-12-26,2019Q3,135,0.9200652973477832,0.0945785,False,0.2537384478944336,0.1883381376335617,0.06540031026087192,0.0781178271971115,1
2019-12-27,2019Q3,135,0.9200652973477832,0.104576,False,0.2941274585386998,0.199491878097919,0.09463558044078083,0.28609266437766195,1
2019-12-30,2019Q3,112,0.8436989276874728,0.1186909999999999,False,0.2876743115418937,0.231864908355881,0.05580940318601271,-0.014662643909150352,0
2019-12-31,2019Q3,112,0.8436989276874728,0.1119735,False,0.2587872412201878,0.2324217524512562,0.026365488768931605,-0.2592279365431099,0
2020-01-02,2019Q4,115,0.8520081537074884,0.0989335,False,0.1848763538095797,0.2572916613930197,-0.07241530758343998,-0.9966650022883711,0
2020-01-03,2019Q4,115,0.8520081537074884,0.1153655,False,0.2486787769901132,0.2857715266494829,-0.037092749659369706,-0.7128521461484857,0
2020-01-06,2019Q4,115,0.8520081537074884,0.1135225,False,0.2278344062188247,0.2882386651067688,-0.06040425888794412,-0.8770236856157247,0
2020-01-07,2019Q4,115,0.8520081537074884,0.114777,False,0.2318923834896009,0.2943150301721846,-0.06242264668258368,-0.8859903797168361,0
2020-01-08,2019Q4,115,0.8520081537074884,0.1134015,False,0.2294812015586959,0.2936461111554434,-0.06416490959674753,-0.9068585811176949,0
2020-01-09,2019Q4,115,0.8520081537074884,0.102085,False,0.18548525066505,0.2967975981155177,-0.1113123474504677,-1.2607415334754144,0
2020-01-10,2019Q4,115,0.8520081537074884,0.1020995,False,0.1811031603844473,0.3077299668740449,-0.12662680648959762,-1.3829467374753044,0
2020-01-13,2019Q4,136,0.9219727678135432,0.099666,False,0.1798350745624611,0.2950373293189089,-0.11520225475644782,-1.299807099408636,0
2020-01-14,2019Q4,136,0.9219727678135432,0.1021305,False,0.1879621410988248,0.2812338517356539,-0.0932717106368291,-1.1355260041793724,0
2020-01-15,2019Q4,136,0.9219727678135432,0.101049,False,0.1875141378821955,0.2441365952066983,-0.0566224573245028,-0.8640903328975489,0
2020-01-16,2019Q4,136,0.9219727678135432,0.09948,False,0.1954892221851721,0.2363165100246164,-0.04082728783944431,-0.760945748081897,0
2020-01-17,2019Q4,136,0.9219727678135432,0.0979695,False,0.1956676868072584,0.2344088433775915,-0.038741156570333085,-0.76141601060222,0
2020-01-21,2019Q4,136,0.9219727678135432,0.104236,False,0.2001441612642986,0.2347364067854195,-0.03459224552112089,-0.7445877528088317,0
2020-01-22,2019Q4,136,0.9219727678135432,0.1076925,False,0.2192562039007909,0.217465873613974,0.0017903302868169102,-0.47852757810779917,0
2020-01-23,2019Q4,136,0.9219727678135432,0.108919,False,0.2166873481735857,0.2046984802230343,0.011988867950551402,-0.4188369603896455,0
2020-01-24,2019Q4,135,0.919766248163466,0.125979,False,0.2699470039504849,0.225587820765253,0.04435918318523188,-0.18089344193546048,0
2020-01-27,2019Q4,136,0.9219727678135432,0.1573729999999999,False,0.381095123345565,0.2864149377693091,0.0946801855762559,0.2071584649954793,0
2020-01-28,2019Q4,135,0.919766248163466,0.1408625,False,0.3430504155846012,0.2914432767810467,0.0516071388035545,-0.1680749425852586,0
2020-01-29,2019Q4,135,0.919766248163466,0.143751,False,0.3876633217107067,0.285410514628504,0.10225280708220275,0.23335205093802375,0
2020-01-30,2019Q4,136,0.9219727678135432,0.1372285,False,0.3696898424972384,0.2680988991489849,0.10159094334825353,0.20518461963355475,0
2020-01-31,2019Q4,136,0.9219727678135432,0.160014,False,0.4101203689024433,0.2838092809624416,0.12631108794000168,0.3921548619325732,0
2020-02-03,2019Q4,115,0.8520081537074884,0.15818,False,0.4098962202023266,0.286442504821394,0.12345371538093258,0.34638739810882074,0
2020-02-04,2019Q4,115,0.8520081537074884,0.1373395,False,0.3478488238901485,0.3065495352705071,0.04129928861964138,-0.3783849728629488,0
2020-02-05,2019Q4,115,0.8520081537074884,0.1283575,False,0.3023030836443847,0.3016983311957731,0.0006047524486115785,-0.7399363671140267,0
2020-02-06,2019Q4,115,0.8520081537074884,0.1233665,False,0.2976883534373259,0.2985788758821601,-0.0008905224448341742,-0.7632676806135134,0
2020-02-07,2019Q4,115,0.8520081537074884,0.126652,False,0.300127763261438,0.2972397362656466,0.0028880269957913818,-0.7306829233758907,0
2020-02-10,2019Q4,136,0.9219727678135432,0.124822,False,0.2934872925415249,0.2936260214567838,-0.00013872891525890108,-0.7535307193724932,0
2020-02-11,2019Q4,135,0.919766248163466,0.1226355,False,0.2731633570629636,0.2844913199679143,-0.01132796290495075,-0.8314518820871412,0
2020-02-12,2019Q4,136,0.9219727678135432,0.1119405,False,0.2467978770296467,0.2726196146749743,-0.025821737645327608,-0.9317307614048848,0
2020-02-13,2019Q4,136,0.9219727678135432,0.1167364999999999,False,0.2786508934898565,0.2690759994580637,0.009574894031792791,-0.6082363676835246,0
2020-02-14,2019Q4,136,0.9219727678135432,0.1093234999999999,False,0.2716613099244521,0.2620204980648034,0.009640811859648712,-0.5916537746615913,0
2020-02-18,2019Q4,135,0.9188136695907448,0.118663,False,0.2997371607469044,0.2536042978389315,0.04613286290797286,-0.25879800828981775,0
2020-02-19,2019Q4,136,0.9219727678135432,0.1125299999999999,False,0.2866761127092592,0.2526447977342795,0.03403131497497969,-0.3458208802852144,0
2020-02-20,2019Q4,135,0.919766248163466,0.1212034999999999,False,0.3042446036948786,0.2549041580329393,0.04934044566193929,-0.19198017869452624,0
2020-02-21,2019Q4,135,0.9188136695907448,0.139303,False,0.337580282512619,0.2676731855407607,0.06990709697185832,0.00807316318302329,0
2020-02-24,2019Q4,135,0.9188136695907448,0.2087755,False,0.5607205543766655,0.384408563723241,0.17631199065342446,0.9571935213502687,0
2020-02-25,2019Q4,136,0.9219727678135432,0.2430534999999999,False,0.6031303568012316,0.4439549792576806,0.159175377543551,0.8120679182398208,0
2020-02-26,2019Q4,136,0.9219727678135432,0.2365904999999999,False,0.5820000709614392,0.4315059402023329,0.15049413075910634,0.7420900104060605,0
2020-02-27,2019Q4,136,0.9219727678135432,0.3369375,False,0.7457098176086122,0.5290029711125155,0.21670684649609673,1.331054629250007,1
2020-02-28,2019Q4,136,0.9219727678135432,0.3753795,False,0.6292198011656873,0.5098867444917553,0.11933305667393201,0.4916127654690348,1
2020-03-02,2019Q4,115,0.8520081537074884,0.26155,False,0.5326415187654393,0.5895794623795448,-0.056937943614105535,-1.1091316714375172,0
2020-03-03,2019Q4,115,0.8520081537074884,0.3283884999999999,False,0.6817610018954317,0.607574506987134,0.07418649490829765,0.1767849173240815,0
2020-03-04,2019Q4,115,0.8520081537074884,0.2570059999999999,False,0.6050480084422158,0.6474614634231343,-0.04241345498091842,-0.9604141604892962,0
2020-03-05,2019Q4,115,0.8520081537074884,0.342898,False,0.6196846427016713,0.6623791420167657,-0.04269449931509439,-0.933868725496794,0
2020-03-06,2019Q4,115,0.8520081537074884,0.3504665,False,0.5204313643087709,0.6603847705339922,-0.13995340622522134,-1.9050507727010804,0
2020-03-09,2019Q4,136,0.9219727678135432,0.4897825,False,0.7023973214515922,0.7152562058535124,-0.012858884401920179,-0.5378946621984867,0
2020-03-10,2019Q4,136,0.9219727678135432,0.4161685,False,0.6657498197239534,0.7398011384844515,-0.07405131876049809,-1.2226763308815696,0
2020-03-11,2019Q4,136,0.9219727678135432,0.4933174999999999,False,0.697149813955108,0.7467584078964375,-0.04960859394132955,-0.9057197634304224,0
2020-03-12,2019Q4,136,0.9219727678135432,0.704951,False,0.8285411427595786,0.7962402894773929,0.03230085328218568,0.10356390966191549,0
2020-03-13,2019Q4,136,0.9219727678135432,0.499325,False,0.5938039993769868,0.8307229974368053,-0.23691899805981853,-2.9092884662289236,0
2020-03-16,2019Q4,136,0.9219727678135432,0.7602875,False,0.8114536574043807,0.8602155970349104,-0.04876193963052966,-0.7374406546149883,0
2020-03-17,2019Q4,136,0.9219727678135432,0.66866,False,0.7694990233831237,0.8499560527195833,-0.0804570293364596,-1.0647101158019079,0
2020-03-18,2019Q4,136,0.9219727678135432,0.7149000000000001,False,0.6550835073550038,0.8335554402093952,-0.17847193285439145,-2.0738640498649397,0
2020-03-19,2019Q4,136,0.9219727678135432,0.658825,False,0.6515070361985998,0.8105241157225208,-0.15901707952392097,-1.7810931384733992,0
2020-03-20,2019Q4,136,0.9219727678135432,0.5790885,False,0.6135843719193056,0.8007348728616098,-0.18715050094230423,-1.98430053631618,0
2020-03-23,2019Q4,136,0.9219727678135432,0.5457745,False,0.6016714146318695,0.7839460025938618,-0.18227458796199236,-1.8406590503848272,0
2020-03-24,2019Q4,136,0.9219727678135432,0.5314810000000001,False,0.7391052740382994,0.7940622104003732,-0.05495693636207377,-0.4926989224203744,0
2020-03-25,2019Q4,136,0.9219727678135432,0.5787675,False,0.7354245738483444,0.7801919933242073,-0.044767419475862935,-0.365014634817474,0
2020-03-26,2019Q4,136,0.9219727678135432,0.5293734999999999,False,0.7651539343879007,0.7872414832576833,-0.02208754886978259,-0.11239417776783833,0
2020-03-27,2019Q4,136,0.9219727678135432,0.550269,False,0.7205378933230366,0.7864218756324826,-0.06588398230944592,-0.5595099940812132,0
2020-03-30,2019Q4,115,0.8520081537074884,0.478543,False,0.6778495127930927,0.7893712290055104,-0.11152171621241769,-1.0296429376990568,0
2020-03-31,2019Q4,115,0.8520081537074884,0.444809,False,0.6451933577145682,0.7869834543791736,-0.1417900966646054,-1.310636597062597,0
2020-04-01,2020Q1,111,0.8472811069064012,0.512832,False,0.7716804197769415,0.793259331521043,-0.021578911744101537,-0.07075325910821158,0
2020-04-02,2020Q1,111,0.8472811069064012,0.4541625,False,0.6878465129486405,0.792718541183056,-0.10487202823441544,-0.923928295939332,0
2020-04-03,2020Q1,111,0.8472811069064012,0.414155,False,0.5807424621445055,0.7931584818328292,-0.2124160196883237,-1.9473500595735491,0
2020-04-06,2020Q1,138,0.9324013404401574,0.3788015,False,0.6616324065275331,0.7975482684503364,-0.13591586192280336,-1.1720362558092519,0
2020-04-07,2020Q1,138,0.9324013404401574,0.4002845,False,0.6993368765515905,0.7945847318178365,-0.09524785526624602,-0.77561286110561,0
2020-04-08,2020Q1,138,0.9324013404401574,0.373645,False,0.654835790185011,0.7956862932011008,-0.1408505030160898,-1.222376613272596,0
2020-04-09,2020Q1,138,0.9324013404401574,0.3647525,False,0.6332836512152609,0.7893270163411384,-0.15604336512587758,-1.348420378784343,0
2020-04-13,2020Q1,138,0.9324013404401574,0.366785,False,0.6331654145415406,0.7865894833416318,-0.15342406880009118,-1.289328851509839,0
2020-04-14,2020Q1,138,0.9324013404401574,0.3290705,False,0.5850657349144994,0.7837583347004309,-0.19869259978593146,-1.6636099804711049,0
2020-04-15,2020Q1,138,0.9324013404401574,0.35901,False,0.6074107137900734,0.7822877704933936,-0.1748770567033202,-1.392237317315827,0
2020-04-16,2020Q1,138,0.9324013404401574,0.350367,False,0.5599608695398581,0.7765172027587651,-0.216556333218907,-1.7086301615877735,0
2020-04-17,2020Q1,138,0.9324013404401574,0.317809,False,0.5069868748898207,0.7688499176977136,-0.26186304280789285,-2.008728432906394,0
2020-04-20,2020Q1,138,0.9324013404401574,0.3695374999999999,False,0.6095188378127095,0.7693441804094049,-0.15982534259669534,-1.077545398636356,0
2020-04-21,2020Q1,138,0.9324013404401574,0.4015805,False,0.6239070600528731,0.7618797259817153,-0.13797266592884216,-0.8588935834910528,0
2020-04-22,2020Q1,138,0.9324013404401574,0.3630985,False,0.606837189182481,0.757441464113983,-0.15060427493150208,-0.937050865312494,0
2020-04-23,2020Q1,138,0.9324013404401574,0.352005,False,0.596628596017429,0.7525142024437202,-0.15588560642629123,-0.9511371392929457,0
2020-04-24,2020Q1,138,0.9324013404401574,0.3070175,False,0.5287698600112726,0.7266904752135815,-0.19792061520230897,-1.2743952814938029,0
2020-04-27,2020Q1,111,0.8472811069064012,0.2719135,False,0.4955305299648636,0.7024303717289762,-0.20689984176411258,-1.308683750578615,0
2020-04-28,2020Q1,111,0.8472811069064012,0.281313,False,0.5375106256606039,0.6304780171691452,-0.09296739150854127,-0.2894157949947832,0
2020-04-29,2020Q1,111,0.8472811069064012,0.2566535,False,0.5055018413080437,0.6177586628983412,-0.1122568215902976,-0.43584742947759586,0
2020-04-30,2020Q1,111,0.8472811069064012,0.2826855,False,0.5691967113088862,0.6133677239416786,-0.04417101263279244,0.19906706514788133,0
2020-05-01,2020Q1,111,0.8472811069064012,0.3118515,False,0.6520835698576757,0.6356803902283206,0.016403179629355114,0.7516257162943292,0
2020-05-04,2020Q1,111,0.8472811069064012,0.300926,False,0.6242957508397987,0.6239927531092092,0.00030299773058950485,0.6037802357772413,0
2020-05-05,2020Q1,111,0.8472811069064012,0.282334,False,0.6166348931597732,0.6382082058813011,-0.02157331272152796,0.4077939338478655,0
2020-05-06,2020Q1,111,0.8472811069064012,0.295221,False,0.6711765815210623,0.5972739121660905,0.0739026693549718,1.2597893167002652,1
2020-05-07,2020Q1,111,0.8472811069064012,0.2710755,False,0.6184147758567957,0.6192632403800243,-0.0008484645232286203,0.5784723865027492,1
2020-05-08,2020Q1,111,0.8472811069064012,0.2298629999999999,False,0.519377039857742,0.5817319028922118,-0.0623548630344698,0.025623193842207247,1
2020-05-11,2020Q1,138,0.9324013404401574,0.2296215,False,0.5027536354323001,0.5651887750426771,-0.062435139610376944,0.03594411267322625,1
2020-05-12,2020Q1,138,0.9324013404401574,0.2697515,False,0.6488348866550936,0.5668040960069992,0.08203079064809438,1.3280882435956332,1
2020-05-13,2020Q1,138,0.9324013404401574,0.3054645,False,0.683382526505912,0.5700156746996999,0.11336685180621209,1.5796908760338875,1
2020-05-14,2020Q1,138,0.9324013404401574,0.282937,False,0.5850634687677384,0.5369304989547677,0.04813296981297066,0.9947798681791493,1
2020-05-15,2020Q1,138,0.9324013404401574,0.2630745,False,0.5569701860768429,0.5342997097232528,0.022670476353590097,0.7752355427708125,1
2020-05-18,2020Q1,138,0.9324013404401574,0.238385,False,0.5380741935379151,0.5279218153741413,0.01015237816377379,0.6782272330473441,1
2020-05-19,2020Q1,138,0.9324013404401574,0.2543845,False,0.5898759709561384,0.442130999563009,0.14774497139312942,1.9374241732249493,1
2020-05-20,2020Q1,138,0.9324013404401574,0.234625,False,0.531385633113735,0.4448856388539627,0.08649999425977228,1.4200993204395735,1
2020-05-21,2020Q1,138,0.9324013404401574,0.2451965,False,0.5710136614165511,0.431960042106399,0.1390536193101521,1.9150007922048808,1
2020-05-22,2020Q1,138,0.9324013404401574,0.234536,False,0.5678589824049644,0.4415614430674937,0.12629753933747068,1.87068255627803,1
2020-05-26,2020Q1,138,0.9324013404401574,0.2285249999999999,False,0.525315426962806,0.4443137846805834,0.08100164228222256,1.4569519518836087,1
2020-05-27,2020Q1,138,0.9324013404401574,0.2222175,False,0.5120725830149837,0.4240535062459741,0.08801907676900961,1.473384734260749,1
2020-05-28,2020Q1,138,0.9324013404401574,0.236783,False,0.5762092686626022,0.4100553671432663,0.16615390151933596,2.146430699396374,1
2020-05-29,2020Q1,138,0.9324013404401574,0.2203669999999999,False,0.523678211909875,0.420585415232131,0.10309279667774396,1.5092726488024133,1
2020-06-01,2020Q1,112,0.8505424802869794,0.228595,False,0.5438948130573446,0.4204458335871014,0.12344897947024314,1.6309404460937191,1
2020-06-02,2020Q1,112,0.8505424802869794,0.2172855,False,0.5179716464730645,0.4132278852850229,0.10474376118804157,1.4099676560276098,1
2020-06-03,2020Q1,112,0.8505424802869794,0.207637,False,0.4875027138045699,0.357792558539128,0.12971015526544188,1.575235472256746,1
2020-06-04,2020Q1,112,0.8505424802869794,0.2111265,False,0.4928271457561567,0.3456466733827616,0.1471804723733951,1.653666804250602,1
2020-06-05,2020Q1,112,0.8505424802869794,0.1890845,False,0.4405141581364,0.3651033858251985,0.07541077231120147,1.0248603775907075,1
2020-06-08,2020Q1,138,0.9324013404401574,0.2053845,False,0.4693625979405187,0.3590031233001206,0.11035947464039814,1.2905846023320269,1
2020-06-09,2020Q1,138,0.9324013404401574,0.2260565,False,0.5193017993879923,0.354645353202298,0.16465644618569425,1.6764957823558828,1
2020-06-10,2020Q1,138,0.9324013404401574,0.2273715,False,0.5131113899482623,0.3433532214890476,0.1697581684592147,1.6485137883442635,1
2020-06-11,2020Q1,138,0.9324013404401574,0.3398245,False,0.7199779751732827,0.4894816783640219,0.23049629680926076,2.0202451895856064,1
2020-06-12,2020Q1,138,0.9324013404401574,0.2924755,False,0.5785482346541033,0.5009329021509855,0.0776153325031178,0.8110945685148006,1
2020-06-15,2020Q1,138,0.9324013404401574,0.2868185,False,0.5926496073154656,0.4850301805479,0.10761942676756558,1.0099064506918207,1
2020-06-16,2020Q1,138,0.9324013404401574,0.2807429999999999,False,0.6081899496610288,0.492391439210134,0.11579851045089479,1.0393307382139259,1
2020-06-17,2020Q1,138,0.9324013404401574,0.2805635,False,0.6219866664007816,0.4946313327077801,0.1273553336930015,1.0937232820713412,1
2020-06-18,2020Q1,138,0.9324013404401574,0.2695444999999999,False,0.5976338516563952,0.4955216325121279,0.10211221914426727,0.8704316070268311,1
2020-06-19,2020Q1,138,0.9324013404401574,0.267151,False,0.5967049613882924,0.4972261604450396,0.09947880094325284,0.8267891741895096,1
2020-06-22,2020Q1,138,0.9324013404401574,0.256445,False,0.5462140311708069,0.488596129527585,0.05761790164322189,0.49092524848834335,1
2020-06-23,2020Q1,138,0.9324013404401574,0.252284,False,0.5492237857328994,0.4950944859169298,0.054129299815969645,0.4485053913939613,1
2020-06-24,2020Q1,138,0.9324013404401574,0.291221,False,0.6270912695286432,0.5042883013090241,0.12280296821961911,0.9481173001043292,1
2020-06-25,2020Q1,137,0.9282863945792372,0.265058,False,0.5507371155893295,0.5001651037689289,0.05057201182040061,0.36868794873281696,1
2020-06-26,2020Q1,138,0.9324013404401574,0.2897315,False,0.5862865229198065,0.5175114219039869,0.06877510101581963,0.49799161062534636,1
2020-06-29,2020Q1,110,0.8455733254788979,0.2638709999999999,False,0.4910786710918536,0.5265738797145427,-0.03549520862268912,-0.32441433310613,0
2020-06-30,2020Q1,110,0.8455733254788979,0.242569,False,0.4680894203443397,0.5217105347530637,-0.053621114408724024,-0.4986578235629806,0
2020-07-01,2020Q2,112,0.8553417051815072,0.2320105,False,0.4328242811210447,0.5079138557053231,-0.0750895745842784,-0.68403965948751,0
2020-07-02,2020Q2,112,0.8553417051815072,0.223877,False,0.4419298300996022,0.5086155820239031,-0.06668575192430093,-0.6218046303366581,0
2020-07-06,2020Q2,112,0.8553417051815072,0.2211785,False,0.3969677210604399,0.5094943847152309,-0.11252666365479097,-1.0012084475447887,0
2020-07-07,2020Q2,112,0.8553417051815072,0.2369705,False,0.4203453741081996,0.5063911053723109,-0.0860457312641113,-0.8036880240211585,0
2020-07-08,2020Q2,112,0.8553417051815072,0.2294955,False,0.3861434735498955,0.5251631181173891,-0.13901964456749366,-1.2443346070657335,0
2020-07-09,2020Q2,112,0.8553417051815072,0.243032,False,0.3861270328230053,0.5274957199170774,-0.14136868709407213,-1.287160344717487,0
2020-07-10,2020Q2,112,0.8553417051815072,0.2234685,False,0.3205293295790397,0.5268454518651363,-0.20631612228609664,-1.8109930558668994,0
2020-07-13,2020Q2,139,0.9367118302545206,0.2582284999999999,False,0.4026555318976986,0.5213482039152425,-0.11869267201754391,-1.1222982668409671,0
2020-07-14,2020Q2,139,0.9367118302545206,0.2360769999999999,False,0.3411017220488359,0.524217563461399,-0.18311584141256315,-1.7174637828328063,0
2020-07-15,2020Q2,139,0.9367118302545206,0.225997,False,0.3235757910049278,0.5181299494189044,-0.19455415841397666,-1.7962817217279188,0
2020-07-16,2020Q2,139,0.9367118302545206,0.2250975,False,0.3249669464888341,0.5228729054870287,-0.19790595899819458,-1.792209160669896,0
2020-07-17,2020Q2,139,0.9367118302545206,0.20549,False,0.3110578372578095,0.5235841321697032,-0.21252629491189373,-1.8799030414304512,0
2020-07-20,2020Q2,139,0.9367118302545206,0.195331,False,0.2970752298880712,0.4973607819002424,-0.2002855520121712,-1.7541508318888692,0
2020-07-21,2020Q2,139,0.9367118302545206,0.1997885,False,0.3097417007890036,0.4886715524589108,-0.17892985166990721,-1.587310732462129,0
2020-07-22,2020Q2,139,0.9367118302545206,0.1946225,False,0.3135732902526031,0.4940001249147342,-0.1804268346621311,-1.6137159559895315,0
2020-07-23,2020Q2,139,0.9367118302545206,0.208929,False,0.3629192728587373,0.5056621008524341,-0.1427428279936968,-1.2822070087223263,0
2020-07-24,2020Q2,139,0.9367118302545206,0.2067149999999999,False,0.3648656851513825,0.3406120763346031,0.024253608816779404,0.08411346580200744,0
2020-07-27,2020Q2,139,0.9367118302545206,0.1965335,False,0.3417302811140575,0.3404406288886074,0.001289652225450133,-0.11457283719470068,0
2020-07-28,2020Q2,139,0.9367118302545206,0.205145,False,0.3783941557143397,0.3408991706868827,0.03749498502745702,0.18592190271417655,0
2020-07-29,2020Q2,139,0.9367118302545206,0.1914779999999999,False,0.352603616445506,0.3274671963277342,0.025136420117771785,0.07889315352127481,0
2020-07-30,2020Q2,139,0.9367118302545206,0.2032045,False,0.3938841906693544,0.3193997112553932,0.07448447941396119,0.47851154247466454,0
2020-07-31,2020Q2,139,0.9367118302545206,0.1892025,False,0.3739368187141035,0.2949402700252366,0.07899654868886691,0.515388751877889,0
2020-08-03,2020Q2,112,0.8553417051815072,0.194984,False,0.3446938461472018,0.2967413992138161,0.047952446933385684,0.24871141528804327,0
2020-08-04,2020Q2,112,0.8553417051815072,0.185795,False,0.3328314379109554,0.29598653981893,0.0368448980920254,0.14249346440004396,0
2020-08-05,2020Q2,112,0.8553417051815072,0.1811249999999999,False,0.3339930928832237,0.291699522821956,0.042293570061267716,0.1742629179333861,0
2020-08-06,2020Q2,112,0.8553417051815072,0.173981,False,0.311938177012048,0.2478717505237428,0.06406642648830521,0.3607270350288234,0
2020-08-07,2020Q2,112,0.8553417051815072,0.172477,False,0.2913701115815008,0.2399546539901955,0.05141545759130528,0.26389634631383185,0
2020-08-10,2020Q2,139,0.9367118302545206,0.169389,False,0.2853467018576538,0.1719344201183427,0.11341228173931112,0.7766006106104654,0
2020-08-11,2020Q2,139,0.9367118302545206,0.191389,False,0.3606980724579405,0.1757934643297305,0.18490460812821,1.3360057597077049,1
2020-08-12,2020Q2,139,0.9367118302545206,0.1722679999999999,False,0.3301828771160764,0.1768327978768876,0.1533500792391888,1.0442158690625725,1
2020-08-13,2020Q2,139,0.9367118302545206,0.174522,False,0.3334311123312613,0.1803561437819202,0.15307496854934113,1.040432254851811,1
2020-08-14,2020Q2,139,0.9367118302545206,0.1701369999999999,False,0.3300069708872042,0.1811511753068393,0.1488557955803649,0.990793873713176,1
2020-08-17,2020Q2,139,0.9367118302545206,0.168541,False,0.3286532129355095,0.164025057180785,0.16462815575472448,1.1121991249278127,1
2020-08-18,2020Q2,139,0.9367118302545206,0.1657675,False,0.3300686175351684,0.1534334159309174,0.17663520160425103,1.1948411630845142,1
2020-08-19,2020Q2,139,0.9367118302545206,0.173773,False,0.3711773878693804,0.1533954554544837,0.21778193241489674,1.482515660615771,1
2020-08-20,2020Q2,139,0.9367118302545206,0.168685,False,0.3568492211983733,0.1551834469414501,0.20166577425692322,1.3214718706957034,1
2020-08-21,2020Q2,139,0.9367118302545206,0.1612029999999999,False,0.3054097550324995,0.1532243211010377,0.1521854339314618,0.9372674053769552,1
2020-08-24,2020Q2,138,0.9345889883091272,0.1626785,False,0.278619147883021,0.1431814641454434,0.1354376837375776,0.7992260618908062,1
2020-08-25,2020Q2,139,0.9367118302545206,0.1608925,False,0.2790850818509932,0.1344284355607215,0.14465664629027167,0.8667090803123119,1
2020-08-26,2020Q2,139,0.9367118302545206,0.1726845,False,0.2787804852947327,0.1365405895415309,0.1422398957532018,0.8400413706847408,1
2020-08-27,2020Q2,139,0.9367118302545206,0.1783394999999999,False,0.2653850754160047,0.1280579407586669,0.1373271346573378,0.8001925836936086,1
2020-08-28,2020Q2,139,0.9367118302545206,0.1666015,False,0.2347025128789665,0.1316229452207142,0.10307956765825232,0.5417720477048705,1
2020-08-31,2020Q2,112,0.8553417051815072,0.191901,False,0.2803946635425716,0.1348126358545814,0.1455820276879902,0.8598451986210713,1
2020-09-01,2020Q2,112,0.8553417051815072,0.187415,False,0.2550774712242054,0.1378113258494723,0.11726614537473307,0.6386587407086151,1
2020-09-02,2020Q2,112,0.8553417051815072,0.2008055,False,0.2693083520402638,0.146416595643315,0.12289175639694883,0.6909576553402645,1
2020-09-03,2020Q2,112,0.8553417051815072,0.253691,False,0.3561154032828489,0.2504487239722779,0.105666679310571,0.5688657231308292,1
2020-09-04,2020Q2,112,0.8553417051815072,0.2308925,False,0.2970079996543603,0.258846165381116,0.03816183427324432,0.06525601156782425,1
2020-09-08,2020Q2,139,0.9367118302545206,0.2510415,False,0.3832325960619177,0.322896837567348,0.06033575849456968,0.24560002674986872,1
2020-09-09,2020Q2,139,0.9367118302545206,0.2369145,False,0.4165897675323279,0.3475096801395887,0.06908008739273919,0.3217431870487119,1
2020-09-10,2020Q2,139,0.9367118302545206,0.248938,False,0.4622361689725535,0.3695714783179744,0.09266469065457911,0.5156114200849715,1
2020-09-11,2020Q2,139,0.9367118302545206,0.2241655,False,0.4211380628366912,0.3774003108203795,0.04373775201631169,0.13309789318484325,1
2020-09-14,2020Q2,139,0.9367118302545206,0.2131305,False,0.3942897590661405,0.4047693617225598,-0.010479602656419285,-0.2918482665108859,0
2020-09-15,2020Q2,139,0.9367118302545206,0.2094655,False,0.3949099480621406,0.4088565376748745,-0.013946589612733928,-0.3053668583501446,0
2020-09-16,2020Q2,139,0.9367118302545206,0.214432,False,0.3980116342370356,0.4076250983282994,-0.00961346409126379,-0.2609725734244354,0
2020-09-17,2020Q2,139,0.9367118302545206,0.219719,False,0.4011691375444192,0.4164654722205686,-0.015296334676149437,-0.29777654690937316,0
2020-09-18,2020Q2,139,0.9367118302545206,0.2146735,False,0.4009686149366321,0.423355513931315,-0.02238689899468288,-0.33747465112116776,0
2020-09-21,2020Q2,139,0.9367118302545206,0.226177,False,0.380779696674912,0.4180599319563147,-0.037280235281402674,-0.4468594338425437,0
2020-09-22,2020Q2,139,0.9367118302545206,0.2264465,False,0.4004433136979534,0.4226800425873243,-0.022236728889370894,-0.31170771295357325,0
2020-09-23,2020Q2,139,0.9367118302545206,0.2513039999999999,False,0.4422302568574198,0.4516088662348131,-0.009378609377393321,-0.21033347853077314,0
2020-09-24,2020Q2,139,0.9367118302545206,0.2466364999999999,False,0.437650325039486,0.4377309120931418,-8.058705365582286e-05,-0.1418764344949202,0
2020-09-25,2020Q2,139,0.9367118302545206,0.2212635,False,0.3967190355127049,0.457253836938035,-0.06053480142533013,-0.6411542770424701,0
2020-09-28,2020Q2,112,0.8553417051815072,0.223358,False,0.366854098489783,0.4653993239169641,-0.09854522542718108,-0.9458873614108799,0
2020-09-29,2020Q2,112,0.8553417051815072,0.2281969999999999,False,0.3797074440471826,0.4700350774308739,-0.09032763338369132,-0.8842452512829112,0
2020-09-30,2020Q2,112,0.8553417051815072,0.2256615,False,0.395130694321527,0.4763100311832279,-0.08117933686170092,-0.8101930719516633,0
2020-10-01,2020Q3,114,0.8564697337636896,0.228509,False,0.3800800203628914,0.4816352611876503,-0.10155524082475892,-0.9887285579718589,0
2020-10-02,2020Q3,114,0.8564697337636896,0.2307,False,0.3662432308037919,0.48861124124488,-0.12236801044108808,-1.167355571474267,0
2020-10-05,2020Q3,114,0.8564697337636896,0.2471565,False,0.3746734617098249,0.5084849710165057,-0.1338115093066808,-1.2931967493841476,0
2020-10-06,2020Q3,114,0.8564697337636896,0.2568735,False,0.3916933843106324,0.5183698279015361,-0.1266764435909037,-1.2302116889304873,0
2020-10-07,2020Q3,114,0.8564697337636896,0.2498325,False,0.3947246108584998,0.5315428056819866,-0.13681819482348684,-1.335566070207012,0
2020-10-08,2020Q3,114,0.8564697337636896,0.230549,False,0.3441736109705959,0.5469550032760233,-0.2027813923054274,-1.89147798723698,0
2020-10-09,2020Q3,114,0.8564697337636896,0.2101009999999999,False,0.301079707616659,0.5583177347203309,-0.2572380271036719,-2.3044998083080994,0
2020-10-12,2020Q3,140,0.9375737418868828,0.212383,False,0.3267700357196651,0.5573087010361606,-0.23053866531649547,-2.068738085992522,0
2020-10-13,2020Q3,140,0.9375737418868828,0.2223245,False,0.3537811561441802,0.559599850918063,-0.20581869477388276,-1.8601479527246922,0
2020-10-14,2020Q3,140,0.9375737418868828,0.227487,False,0.3676029801654767,0.5687212403335252,-0.2011182601680485,-1.8084158455238086,0
2020-10-15,2020Q3,140,0.9375737418868828,0.2337024999999999,False,0.3799593792099559,0.5667108270676778,-0.1867514478577219,-1.686639161499805,0
2020-10-16,2020Q3,140,0.9375737418868828,0.2307615,False,0.384674882048733,0.5140237252901365,-0.1293488432414035,-1.2188788400865003,0
2020-10-19,2020Q3,140,0.9375737418868828,0.247547,False,0.4083974588360604,0.5321662594278843,-0.12376880059182394,-1.139536147411678,0
2020-10-20,2020Q3,140,0.9375737418868828,0.2564425,False,0.4517567203551039,0.4974961666091016,-0.04573944625399773,-0.4955753244752915,0
2020-10-21,2020Q3,140,0.9375737418868828,0.2530915,False,0.447873728607538,0.4709452208313242,-0.023071492223786183,-0.30264468241629366,0
2020-10-22,2020Q3,140,0.9375737418868828,0.247139,False,0.4396749246862326,0.4343997133168482,0.005275211369384414,-0.06927428011452955,0
2020-10-23,2020Q3,140,0.9375737418868828,0.23389,False,0.4032263498148601,0.4324343300563131,-0.02920798024145299,-0.3362141931651664,0
2020-10-26,2020Q3,140,0.9375737418868828,0.2881435,False,0.5663556199390387,0.4402641962979343,0.12609142364110443,0.9182736163341676,0
2020-10-27,2020Q3,140,0.9375737418868828,0.289367,False,0.5910750327273043,0.4330759235510578,0.15799910917624654,1.1496181357749788,1
2020-10-28,2020Q3,140,0.9375737418868828,0.351439,False,0.7007584644354609,0.5019183924258352,0.1988400720096256,1.430064357630905,1
2020-10-29,2020Q3,140,0.9375737418868828,0.3193085,False,0.6501099988198513,0.5003485160152262,0.1497614828046251,1.0202349669873907,1
2020-10-30,2020Q3,140,0.9375737418868828,0.322428,False,0.6464186860429929,0.4806620361100022,0.16575664993299072,1.120821473483457,1
2020-11-02,2020Q3,114,0.8564697337636896,0.310865,False,0.6371001864173714,0.5020555711430159,0.13504461527435552,0.867209350511279,1
2020-11-03,2020Q3,114,0.8564697337636896,0.288464,False,0.5937246863134357,0.5146011269200146,0.07912355939342108,0.4427607740975177,1
2020-11-04,2020Q3,114,0.8564697337636896,0.249305,False,0.5573364491059614,0.4829148577789744,0.07442159132698695,0.4259020840452426,1
2020-11-05,2020Q3,114,0.8564697337636896,0.230961,False,0.5156476046237478,0.4890469631872998,0.026600641436448025,0.06985613203344959,1
2020-11-06,2020Q3,113,0.8545732221542748,0.205395,False,0.4497279180929718,0.4821568135981869,-0.032428895505215105,-0.3740293085786829,0
2020-11-09,2020Q3,140,0.9375737418868828,0.208893,False,0.4663521868004208,0.368995149846907,0.09735703695351378,0.6681223673515193,0
2020-11-10,2020Q3,140,0.9375737418868828,0.2014715,False,0.4067000553588295,0.3548256395992129,0.0518744157596166,0.32333116521580546,0
2020-11-11,2020Q3,140,0.9375737418868828,0.1921395,False,0.4119278897393227,0.3496374408045085,0.062290448934814224,0.42894815350407833,0
2020-11-12,2020Q3,140,0.9375737418868828,0.2075385,False,0.44067102096991,0.3543756890047053,0.08629533196520472,0.658113119432033,0
2020-11-13,2020Q3,140,0.9375737418868828,0.18297,False,0.3801359973657367,0.3512599731940479,0.02887602417168883,0.2054713502068989,0
2020-11-16,2020Q3,140,0.9375737418868828,0.181255,False,0.3877402111349845,0.3389265220921607,0.04881368904282385,0.39626413197142857,0
2020-11-17,2020Q3,139,0.9287136944373664,0.183954,False,0.401569761726506,0.3283340716563513,0.07323569007015468,0.6225080633633434,0
2020-11-18,2020Q3,140,0.9375737418868828,0.1907055,False,0.4321079479125522,0.3208786028093967,0.11122934510315552,0.9654886975829554,0
2020-11-19,2020Q3,140,0.9375737418868828,0.185333,False,0.424603216536503,0.3209863902911155,0.10361682624538754,0.9097471690621824,0
2020-11-20,2020Q3,140,0.9375737418868828,0.1887365,False,0.4422220649493256,0.320556594967413,0.12166546998191258,1.074905003742866,1
2020-11-23,2020Q3,140,0.9375737418868828,0.1796665,False,0.4022107917421024,0.3089436667284844,0.093267125013618,0.8250562535254464,1
2020-11-24,2020Q3,140,0.9375737418868828,0.1718865,False,0.3764430070950725,0.3167173840761728,0.05972562301889972,0.5458471554863321,1
2020-11-25,2020Q3,140,0.9375737418868828,0.1677815,False,0.3594219494290374,0.3112638593236542,0.04815809010538319,0.45571028296553456,1
2020-11-27,2020Q3,140,0.9375737418868828,0.1645035,False,0.3418445869499052,0.3127930031346173,0.02905158381528794,0.29956900754162136,1
2020-11-30,2020Q3,114,0.8564697337636896,0.1682635,False,0.3270521652495136,0.3212918098205285,0.0057603554289850645,0.10206540369511573,1
2020-12-01,2020Q3,114,0.8564697337636896,0.1703255,False,0.3346426782657935,0.305961661252488,0.0286810170133055,0.31577894137295326,1
2020-12-02,2020Q3,114,0.8564697337636896,0.16797,False,0.3201122591994785,0.3043254395886436,0.01578681961083489,0.2038595836027775,1
2020-12-03,2020Q3,114,0.8564697337636896,0.1684965,False,0.342594730256368,0.3055416901295581,0.03705304012680988,0.40739205904826176,1
2020-12-04,2020Q3,114,0.8564697337636896,0.157381,False,0.3056824273152942,0.3098768378859298,-0.004194410570635576,0.03868541358874506,1
2020-12-07,2020Q3,140,0.9375737418868828,0.1723445,False,0.3258666932780371,0.3006938871535411,0.02517280612449596,0.31741564659372223,1
2020-12-08,2020Q3,140,0.9375737418868828,0.1655805,False,0.3025062581013563,0.2843087297672654,0.018197528334090884,0.24729484959865616,1
2020-12-09,2020Q3,140,0.9375737418868828,0.1817165,False,0.3550556034045959,0.2943209969751087,0.06073460642948719,0.6326779335966473,1
2020-12-10,2020Q3,140,0.9375737418868828,0.1825855,False,0.3622875909968868,0.2071366074473316,0.1551509835495552,1.462408144838995,1
2020-12-11,2020Q3,140,0.9375737418868828,0.1848695,False,0.370299228217382,0.2041774562169835,0.1661217720003985,1.5052173162055391,1
2020-12-14,2020Q3,140,0.9375737418868828,0.193791,False,0.4118654946276412,0.1977249475440214,0.21414054708361982,1.8457757553688372,1
2020-12-15,2020Q3,140,0.9375737418868828,0.1792385,False,0.3611220692198279,0.1983467427597192,0.16277532646010873,1.347870006167451,1
2020-12-16,2020Q3,140,0.9375737418868828,0.176614,False,0.3565673171089103,0.1845122062857604,0.17205511082314992,1.377485115030354,1
2020-12-17,2020Q3,140,0.9375737418868828,0.1701389999999999,False,0.3421206378236368,0.1520349287562741,0.19008570906736266,1.4739416570396164,1
2020-12-18,2020Q3,140,0.9375737418868828,0.1723985,False,0.337310456553505,0.1278534709071538,0.2094569856463512,1.5714888519726415,1
2020-12-21,2020Q3,140,0.9375737418868828,0.1944435,False,0.4102620402907352,0.1272042865332234,0.2830577537575118,2.0518052623397187,1
2020-12-22,2020Q3,140,0.9375737418868828,0.186074,False,0.3895059369918687,0.1770143622570796,0.2124915747347891,1.4414704477488178,1
2020-12-23,2020Q3,140,0.9375737418868828,0.178314,False,0.3740003428667335,0.1918035495901352,0.1821967932765983,1.1652202818318689,1
2020-12-24,2020Q3,140,0.9375737418868828,0.1671225,False,0.3400830023723857,0.1908579416672265,0.1492250607051592,0.8802100980679199,1
2020-12-28,2020Q3,114,0.8564697337636896,0.16717,False,0.2692198230227264,0.1839128831264091,0.0853069398963173,0.3645835865571543,1
2020-12-29,2020Q3,114,0.8564697337636896,0.177319,False,0.3077028591158784,0.1724150946690462,0.13528776444683221,0.7278928077720264,1
2020-12-30,2020Q3,114,0.8564697337636896,0.176278,False,0.3117132467596711,0.1671230921549399,0.1445901546047312,0.7737029844432574,1
2020-12-31,2020Q3,114,0.8564697337636896,0.1760935,False,0.3105042322438883,0.1658446877739328,0.1446595444699555,0.7471697974595154,1
2021-01-04,2020Q4,117,0.8681144583922654,0.206231,False,0.3152782933901892,0.1691371635283315,0.1461411298618577,0.7325424209579883,1
2021-01-05,2020Q4,117,0.8681144583922654,0.1937165,False,0.2982659790018402,0.1704072203285652,0.127858758673275,0.5582852509085134,1
2021-01-06,2020Q4,117,0.8681144583922654,0.2009044999999999,False,0.3210207564961201,0.1398153714095326,0.1812053850865875,1.0084043617500378,1
2021-01-07,2020Q4,117,0.8681144583922654,0.171667,False,0.2398187834194979,0.1683800779339063,0.07143870548559159,-0.030814681080076373,0
2021-01-08,2020Q4,117,0.8681144583922654,0.165022,False,0.21328817075732,0.146114847909703,0.06717332284761701,-0.12416009126906073,0
2021-01-11,2020Q4,140,0.9390820013613776,0.190377,False,0.2754702009331256,0.1548514515965789,0.12061874933654668,0.40306184377386395,0
2021-01-12,2020Q4,140,0.9390820013613776,0.1796749999999999,False,0.2453967330108543,0.1524348380291041,0.0929618949817502,0.04580624529116127,0
2021-01-13,2020Q4,140,0.9390820013613776,0.1756515,False,0.2460480820924324,0.1524378683001129,0.09361021379231949,0.009022166710921566,0
2021-01-14,2020Q4,140,0.9390820013613776,0.1827335,False,0.2565822509572479,0.1437125415275922,0.11286970942965571,0.22381487025808805,0
2021-01-15,2020Q4,140,0.9390820013613776,0.190028,False,0.2957354410023398,0.1541523670216184,0.14158307398072137,0.6007058514621729,0
2021-01-19,2020Q4,140,0.9390820013613776,0.174813,False,0.2726439769205179,0.1565802661945807,0.11606371072593719,0.20429561155677678,0
2021-01-20,2020Q4,140,0.9390820013613776,0.1683365,False,0.2471936156782006,0.1706859284569926,0.07650768722120802,-0.40727134018837813,0
2021-01-21,2020Q4,140,0.9390820013613776,0.1639605,False,0.225203188847812,0.1675913615075901,0.05761182734022191,-0.7369357153972953,0
2021-01-22,2020Q4,140,0.9390820013613776,0.160501,False,0.2125086153575581,0.1666218988862814,0.045886716471276706,-0.8933407797169676,0
2021-01-25,2020Q4,140,0.9390820013613776,0.1757785,False,0.221561390304231,0.1538648223786452,0.06769656792558579,-0.534404271150659,0
2021-01-26,2020Q4,140,0.9390820013613776,0.1787355,False,0.2262242577039515,0.1521883602281983,0.0740358974757532,-0.41109214440456554,0
2021-01-27,2020Q4,140,0.9390820013613776,0.2564225,False,0.3842363108529086,0.2297421361474882,0.1544941747054204,0.860015561406673,0
2021-01-28,2020Q4,140,0.9390820013613776,0.2313695,False,0.3919109734388084,0.2260455259397285,0.1658654474990799,1.0397182594412124,1
2021-01-29,2020Q4,140,0.9390820013613776,0.2557675,False,0.4383042846498363,0.253188557614255,0.18511572703558127,1.3143345576838363,1
2021-02-01,2020Q4,117,0.8681144583922654,0.2245835,False,0.3757252064167593,0.2697419869664009,0.10598321945035843,0.07199528194916485,1
2021-02-02,2020Q4,117,0.8681144583922654,0.195745,False,0.3381070009862593,0.2786714432580073,0.059435557728251986,-0.6501168982586845,0
2021-02-03,2020Q4,117,0.8681144583922654,0.185055,False,0.3209094596804835,0.2720217865221346,0.04888767315834891,-0.8252233165401168,0
2021-02-04,2020Q4,117,0.8681144583922654,0.1665579999999999,False,0.281508746746391,0.2765855233918272,0.004923223354563799,-1.5528061810382836,0
2021-02-05,2020Q4,117,0.8681144583922654,0.1612529999999999,False,0.2869247804134527,0.2785601396578731,0.008364640755579633,-1.4473454500805667,0
2021-02-08,2020Q4,140,0.9390820013613776,0.1626119999999999,False,0.2809604082594458,0.2775797935471636,0.0033806147122821817,-1.4911101514796157,0
2021-02-09,2020Q4,140,0.9390820013613776,0.164178,False,0.2850969052519629,0.2776169750740831,0.00747993017787979,-1.393793921785437,0
2021-02-10,2020Q4,140,0.9390820013613776,0.1714755,False,0.308846498556053,0.2770239840765314,0.03182251447952161,-1.0004673926339067,0
2021-02-11,2020Q4,140,0.9390820013613776,0.1660685,False,0.2965930617491544,0.2753043863211944,0.02128867542795998,-1.1553168647527823,0
2021-02-12,2020Q4,140,0.9390820013613776,0.1493275,False,0.2534236391814697,0.276255135944259,-0.022831496762789283,-1.7622383934747123,0
2021-02-16,2020Q4,140,0.9390820013613776,0.1619304999999999,False,0.2754621577580744,0.2731958988407023,0.0022662589173721437,-1.354237854538409,0
2021-02-17,2020Q4,140,0.9390820013613776,0.160804,False,0.2721231444746751,0.2573800127688342,0.014743131705840906,-1.1372839564661255,0
2021-02-18,2020Q4,140,0.9390820013613776,0.17066,False,0.318581369128409,0.2557583124088253,0.06282305671958371,-0.43605057204629705,0
2021-02-19,2020Q4,140,0.9390820013613776,0.16446,False,0.3120128673475884,0.2763842559188668,0.03562861142872159,-0.802308487690203,0
2021-02-22,2020Q4,140,0.9390820013613776,0.183672,False,0.3382082082486105,0.2600586070598802,0.07814960118873027,-0.19111953352120434,0
2021-02-23,2020Q4,140,0.9390820013613776,0.1772564999999999,False,0.3103767333820637,0.257661393637875,0.05271533974418868,-0.5522645332898237,0
2021-02-24,2020Q4,140,0.9390820013613776,0.1656785,False,0.2623489032565803,0.2614187489528151,0.000930154303765196,-1.2664130209179434,0
2021-02-25,2020Q4,140,0.9390820013613776,0.2316685,False,0.4280607993889559,0.3038470353923068,0.12421376399664913,0.45399028888645654,0
2021-02-26,2020Q4,140,0.9390820013613776,0.215492,False,0.4110936699624136,0.2992728225553371,0.11182084740707648,0.2563015292253876,0
2021-03-01,2020Q4,117,0.8681144583922654,0.171885,False,0.3032193396134705,0.3398297581194529,-0.0366104185059824,-1.820369625416658,0
2021-03-02,2020Q4,117,0.8681144583922654,0.186475,False,0.355333246920417,0.3436016616390427,0.011731585281374302,-1.1386693861271808,0
2021-03-03,2020Q4,117,0.8681144583922654,0.2092109999999999,False,0.3839721244082371,0.3532045901322532,0.030767534275983888,-0.8688297779473304,0
2021-03-04,2020Q4,117,0.8681144583922654,0.2313285,False,0.4343693663863754,0.3566378523766606,0.07773151400971479,-0.23297530482249346,0
2021-03-05,2020Q4,117,0.8681144583922654,0.183618,False,0.2927801254406434,0.3781283071860585,-0.08534818174541509,-2.4192001810803676,0
2021-03-08,2020Q4,140,0.9390820013613776,0.2107615,False,0.3787024543870103,0.36810675523412,0.01059569915289027,-1.1084373475048197,0
2021-03-09,2020Q4,140,0.9390820013613776,0.193305,False,0.363603973181847,0.3709488768522616,-0.007344903670414571,-1.31882665726331,0
2021-03-10,2020Q4,140,0.9390820013613776,0.178132,False,0.3046346697899722,0.3737391897605424,-0.06910451997057016,-2.0339395288697575,0
2021-03-11,2020Q4,140,0.9390820013613776,0.167777,False,0.2926939954316301,0.3432400333489303,-0.05054603791730017,-1.7162903733501373,0
2021-03-12,2020Q4,140,0.9390820013613776,0.158797,False,0.2614416133871945,0.3483094490047509,-0.0868678356175564,-2.0864763429740774,0
2021-03-15,2020Q4,140,0.9390820013613776,0.151937,False,0.2388280047549713,0.3220025593402433,-0.08317455458527201,-1.941485888991787,0
2021-03-16,2020Q4,140,0.9390820013613776,0.1546455,False,0.2772075178498957,0.3087414166043007,-0.03153389875440499,-1.2622243471469257,0
2021-03-17,2020Q4,140,0.9390820013613776,0.1505739999999999,False,0.2591051579952567,0.2967253601358817,-0.037620202140625,-1.2957037069308444,0
2021-03-18,2020Q4,140,0.9390820013613776,0.168102,False,0.2841532265018008,0.3207513060101942,-0.03659807950839339,-1.249367126223942,0
2021-03-19,2020Q4,140,0.9390820013613776,0.159551,False,0.2979221999054239,0.3145715125162315,-0.0166493126108076,-0.996401012640049,0
2021-03-22,2020Q4,140,0.9390820013613776,0.1401275,False,0.2495958312272766,0.3181343906184325,-0.06853855939115591,-1.6470288612721102,0
2021-03-23,2020Q4,140,0.9390820013613776,0.1586834999999999,False,0.3193889141210361,0.3141731727375848,0.005215741383451267,-0.6266552770371064,0
2021-03-24,2020Q4,140,0.9390820013613776,0.1667485,False,0.339950972112403,0.3147565879109621,0.025194384201440878,-0.32721994650335345,0
2021-03-25,2020Q4,140,0.9390820013613776,0.1553149999999999,False,0.2876305541550341,0.3137876823976795,-0.026157128242645433,-1.0144150596343586,0
2021-03-26,2020Q4,140,0.9390820013613776,0.1441875,False,0.257779674050033,0.3264532327969734,-0.06867355874694042,-1.5471904004585049,0
2021-03-29,2020Q4,116,0.865089232795688,0.1599895,False,0.2427800842309622,0.3285616576539154,-0.08578157342295317,-1.715347323881094,0
2021-03-30,2020Q4,116,0.865089232795688,0.15036,False,0.224615883666572,0.3299637079711752,-0.10534782430460318,-1.899757159564568,0
2021-03-31,2020Q4,116,0.865089232795688,0.147458,False,0.2321219350965946,0.3314990157710386,-0.09937708067444398,-1.750770402280749,0
2021-04-01,2021Q1,117,0.8671965773642344,0.133574,False,0.2076746392964946,0.3264063089626937,-0.11873166966619908,-1.9200872227666101,0
2021-04-05,2021Q1,117,0.8671965773642344,0.1412995,False,0.220421679794882,0.3423401473586103,-0.12191846756372829,-1.9042007660525408,0
2021-04-06,2021Q1,117,0.8671965773642344,0.1419395,False,0.2330396779096898,0.3467946415100155,-0.11375496360032569,-1.7165453812431228,0
2021-04-07,2021Q1,117,0.8671965773642344,0.1324735,False,0.2017054431762165,0.3486708879983049,-0.14696544482208843,-2.030834158617457,0
2021-04-08,2021Q1,117,0.8671965773642344,0.131824,False,0.2032953589179623,0.3503182403145645,-0.1470228813966022,-1.9398115828935236,0
2021-04-09,2021Q1,117,0.8671965773642344,0.128867,False,0.1999703599785874,0.3070249251674526,-0.10705456518886522,-1.3963377702711322,0
2021-04-12,2021Q1,140,0.9378580936742597,0.1327065,False,0.215383334783928,0.313228873843297,-0.09784553905936902,-1.240454817320091,0
2021-04-13,2021Q1,140,0.9378580936742597,0.1316215,False,0.2121553789415687,0.2760802100394616,-0.0639248310978929,-0.8007206669826756,0
2021-04-14,2021Q1,140,0.9378580936742597,0.1360415,False,0.2228302042496612,0.2694325953674037,-0.0466023911177425,-0.5630411870678184,0
2021-04-15,2021Q1,140,0.9378580936742597,0.1291209999999999,False,0.2099099624039498,0.254068915204821,-0.044158952800871204,-0.5074290114543423,0
2021-04-16,2021Q1,140,0.9378580936742597,0.1252295,False,0.2075219087610445,0.2330359529938871,-0.025514044232842592,-0.25007418392539105,0
2021-04-19,2021Q1,140,0.9378580936742597,0.1386425,False,0.2358652594900402,0.2261811769024219,0.009684082587618298,0.2142879351570756,0
2021-04-20,2021Q1,140,0.9378580936742597,0.1518499999999999,False,0.2697539976930164,0.2373878905931958,0.0323661070998206,0.5115658835178382,0
2021-04-21,2021Q1,140,0.9378580936742597,0.1405295,False,0.2485153539790816,0.2262743288744858,0.022241025104595802,0.39283146171091793,0
2021-04-22,2021Q1,140,0.9378580936742597,0.153861,False,0.2884602057370701,0.2485578115307481,0.039902394206321995,0.6348163391525432,0
2021-04-23,2021Q1,140,0.9378580936742597,0.1366675,False,0.2549730150984324,0.2538261882184722,0.0011468268799602055,0.16600861545593518,0
2021-04-26,2021Q1,140,0.9378580936742597,0.1411625,False,0.2572420299448825,0.2557684829325231,0.0014735470123594108,0.21923669921614913,0
2021-04-27,2021Q1,140,0.9378580936742597,0.1387815,False,0.2581158954957516,0.2600754548469607,-0.001959559351209117,0.23163950934834832,0
2021-04-28,2021Q1,140,0.9378580936742597,0.1390565,False,0.2823419481139879,0.2559604992618472,0.026381448852140665,0.713113093511819,0
2021-04-29,2021Q1,140,0.9378580936742597,0.1388194999999999,False,0.3023239801982492,0.252869700433023,0.049454279765226206,1.088519179362194,1
2021-04-30,2021Q1,140,0.9378580936742597,0.146338,False,0.3536494963276094,0.2278492262662984,0.125800270061311,2.2168835974748515,1
2021-05-03,2021Q1,117,0.8671965773642344,0.1386405,False,0.3129215402139007,0.2278662531155853,0.08505528709831536,1.5333840605797113,1
2021-05-04,2021Q1,117,0.8671965773642344,0.151112,False,0.3325028700281247,0.2328377222204858,0.09966514780763888,1.691243241274627,1
2021-05-05,2021Q1,117,0.8671965773642344,0.151352,False,0.3542568665307024,0.228466203867711,0.12579066266299138,1.979732799116835,1
2021-05-06,2021Q1,117,0.8671965773642344,0.141324,False,0.3127930417759741,0.2292209129832665,0.08357212879270762,1.3355569316671188,1
2021-05-07,2021Q1,117,0.8671965773642344,0.1279075,False,0.2869364922727495,0.2349749380269421,0.05196155424580737,0.880726595468688,1
2021-05-10,2021Q1,140,0.9378580936742597,0.1445745,False,0.3164406604901481,0.2349757353461519,0.08146492514399617,1.2665896571652528,1
2021-05-11,2021Q1,140,0.9378580936742597,0.1693735,False,0.4018314990506029,0.2433187185552127,0.1585127804953902,2.199537281443749,1
2021-05-12,2021Q1,140,0.9378580936742597,0.2197295,False,0.524936449600502,0.3025129663859006,0.22242348321460143,2.7935051889281124,1
2021-05-13,2021Q1,140,0.9378580936742597,0.186474,False,0.4394432069723325,0.3162808238351137,0.12316238313721883,1.5103004499325543,1
2021-05-14,2021Q1,140,0.9378580936742597,0.145136,False,0.3336381831704896,0.3278596471675622,0.005778536002927381,0.09510532675723693,1
2021-05-17,2021Q1,140,0.9378580936742597,0.1566735,False,0.3491629222235148,0.3071244508244065,0.042038471399108324,0.5365962365178691,1
2021-05-18,2021Q1,140,0.9378580936742597,0.1691225,False,0.4229573433869679,0.3122838906011256,0.11067345278584229,1.3575662752650548,1
2021-05-19,2021Q1,140,0.9378580936742597,0.1711495,False,0.4028726971392488,0.3110107266664785,0.09186197047277028,1.1137720108080587,1
2021-05-20,2021Q1,140,0.9378580936742597,0.1565895,False,0.3934655153247705,0.3231619563519319,0.07030355897283858,0.8353914614942004,1
2021-05-21,2021Q1,140,0.9378580936742597,0.1519835,False,0.3814919553742742,0.3180087321497143,0.0634832232245599,0.7767403777152846,1
2021-05-24,2021Q1,139,0.9351187038284288,0.135996,False,0.3267801820426159,0.3308356762206126,-0.004055494177996721,-0.0193095737599092,0
2021-05-25,2021Q1,140,0.9378580936742597,0.1404024999999999,False,0.3490380545480355,0.3384391602959202,0.010598894252115298,0.15184759875893608,0
2021-05-26,2021Q1,139,0.9355987467010286,0.131525,False,0.3226650125667553,0.3390886987376302,-0.016423686170874918,-0.1759244860842898,0
2021-05-27,2021Q1,140,0.9378580936742597,0.1262625,False,0.3014100582410247,0.3242587174180857,-0.022848659177061026,-0.24442504372612373,0
2021-05-28,2021Q1,139,0.935539608924117,0.119592,False,0.2873130942775771,0.3234937385604907,-0.036180644282913565,-0.38853444850514496,0
2021-06-01,2021Q1,117,0.8671965773642344,0.131064,False,0.2938094357256389,0.3262048629790345,-0.032395427253395614,-0.3551004750258108,0
2021-06-02,2021Q1,117,0.8671965773642344,0.1288145,False,0.2925141986367959,0.3286326335050794,-0.03611843486828348,-0.3916237162821726,0
2021-06-03,2021Q1,116,0.8600001744786024,0.1344715,False,0.3007951538521041,0.3319668903452694,-0.031171736493165292,-0.3243820660807789,0
2021-06-04,2021Q1,117,0.8671965773642344,0.1197695,False,0.2650820133918189,0.3243422323720756,-0.059260218980256685,-0.6790735599252604,0
2021-06-07,2021Q1,140,0.9378580936742597,0.1186045,False,0.2657888175041886,0.3033606280271507,-0.0375718105229621,-0.4104409743222282,0
2021-06-08,2021Q1,140,0.9378580936742597,0.1214905,False,0.2828576068906155,0.3047532221996509,-0.021895615309035388,-0.22924301854046372,0
2021-06-09,2021Q1,140,0.9378580936742597,0.1308945,False,0.3275635343384192,0.304801504325121,0.02276203001329824,0.3164387774955635,0
2021-06-10,2021Q1,140,0.9378580936742597,0.113326,False,0.2678353284422607,0.3138599066505715,-0.046024578208310796,-0.5577038301522298,0
2021-06-11,2021Q1,140,0.9378580936742597,0.106266,False,0.260746504561638,0.3207263372192154,-0.05997983265757739,-0.7287519114641554,0
2021-06-14,2021Q1,139,0.9351187038284288,0.1148165,False,0.2711067623337387,0.3202424169082965,-0.04913565457455782,-0.5874597561312805,0
2021-06-15,2021Q1,140,0.9378580936742597,0.1208475,False,0.2998888143129851,0.3307368566881516,-0.03084804237516653,-0.35205942911019283,0
2021-06-16,2021Q1,140,0.9378580936742597,0.1310629999999999,False,0.3471093423175811,0.3359495265339877,0.01115981578359343,0.16478833521483205,0
2021-06-17,2021Q1,139,0.9351187038284288,0.1250045,False,0.3241489756914855,0.3248240336180004,-0.0006750579265148993,0.015085935907264555,0
2021-06-18,2021Q1,140,0.9378580936742597,0.1519265,False,0.4219556564935652,0.3300129103969638,0.09194274609660141,1.1695092646437875,1
2021-06-21,2021Q1,140,0.9378580936742597,0.1314765,False,0.3230991341621035,0.3382603446172083,-0.015161210455104768,-0.18431824558072799,0
2021-06-22,2021Q1,140,0.9378580936742597,0.111258,False,0.2272014265312184,0.342057855459665,-0.11485642892844661,-1.417302410945583,0
2021-06-23,2021Q1,140,0.9378580936742597,0.1175124999999999,False,0.2578242819033707,0.3337989816847871,-0.07597469978141641,-0.9358557008359036,0
2021-06-24,2021Q1,140,0.9378580936742597,0.112645,False,0.240424546445216,0.2628998115715603,-0.02247526512634429,-0.287880865111672,0
2021-06-25,2021Q1,140,0.9378580936742597,0.1059865,False,0.2219339025566259,0.2422479779551498,-0.020314075398523895,-0.2808822855225353,0
2021-06-28,2021Q1,117,0.8671965773642344,0.1081465,False,0.1691267526033637,0.2080710325547229,-0.038944279951359184,-0.5475417220855583,0
2021-06-29,2021Q1,117,0.8671965773642344,0.1097075,False,0.1754910077606152,0.2081551243391718,-0.03266411657855661,-0.49527946233808273,0
2021-06-30,2021Q1,117,0.8671965773642344,0.1128415,False,0.1844178763101827,0.189771559999026,-0.005353683688843314,-0.15739261151502298,0
2021-07-01,2021Q2,115,0.8639557317530733,0.107465,False,0.1659517468342618,0.1851511822408804,-0.019199435406618587,-0.3904254623463821,0
2021-07-02,2021Q2,115,0.8639557317530733,0.1034025,False,0.1599212038170472,0.1748190108336649,-0.01489780701661772,-0.37629056093771723,0
2021-07-06,2021Q2,115,0.8639557317530733,0.1144915,False,0.1712677754398179,0.1654042022021448,0.0058635732376730865,-0.09904232335227994,0
2021-07-07,2021Q2,115,0.8639557317530733,0.1164665,False,0.1716259907696347,0.1445826317268826,0.027043359042752096,0.1965210669818567,0
2021-07-08,2021Q2,115,0.8639557317530733,0.137932,False,0.2318243478958009,0.1558278605777613,0.0759964873180396,0.9291875289503803,0
2021-07-09,2021Q2,115,0.8639557317530733,0.1119469999999999,False,0.159211849068508,0.1659081340659055,-0.006696284997397495,-0.38164132388064936,0
2021-07-12,2021Q2,140,0.9369737368473084,0.1134735,False,0.1774031450345067,0.1724752905631179,0.004927854471388798,-0.21248726361698292,0
2021-07-13,2021Q2,140,0.9369737368473084,0.1241714999999999,False,0.2174804749476029,0.1747618853677735,0.04271858957982938,0.37259959713143265,0
2021-07-14,2021Q2,140,0.9369737368473084,0.1195485,False,0.2024949966516715,0.17367337597053,0.028821620681141497,0.14543100035503817,0
2021-07-15,2021Q2,140,0.9369737368473084,0.1254819999999999,False,0.2276973304069348,0.1777631532117596,0.049934177195175206,0.47736988007820635,0
2021-07-16,2021Q2,140,0.9369737368473084,0.1363395,False,0.2703214867877132,0.1911428844302789,0.07917860235743432,0.9219967941171555,0
2021-07-19,2021Q2,140,0.9369737368473084,0.1698385,False,0.3489057995097372,0.2163000314012847,0.1326057681084525,1.7009689214655848,1
2021-07-20,2021Q2,140,0.9369737368473084,0.148228,False,0.3086456160482281,0.2405840966299867,0.0680615194182414,0.6844206668739667,1
2021-07-21,2021Q2,140,0.9369737368473084,0.1310144999999999,False,0.2505468931376941,0.2419434831630669,0.008603409974627219,-0.23328296003516932,0
2021-07-22,2021Q2,140,0.9369737368473084,0.128908,False,0.2418430500459905,0.2396659008857169,0.0021771491602735893,-0.3335043341137613,0
2021-07-23,2021Q2,140,0.9369737368473084,0.119288,False,0.2157533398661685,0.2446298582045759,-0.028876518338407403,-0.7936932081726809,0
2021-07-26,2021Q2,140,0.9369737368473084,0.1218495,False,0.2110019672917955,0.2433609864415391,-0.03235901914974362,-0.822526704242572,0
2021-07-27,2021Q2,140,0.9369737368473084,0.1337335,False,0.2477016476777356,0.2479952243628592,-0.00029357668512361434,-0.3075333938931041,0
2021-07-28,2021Q2,140,0.9369737368473084,0.1342475,False,0.2943542670057502,0.2419050371378554,0.05244922986789477,0.5270571300327662,0
2021-07-29,2021Q2,140,0.9369737368473084,0.1262965,False,0.2897525579544037,0.2330545439062473,0.05669801404815639,0.6115986286975085,0
2021-07-30,2021Q2,140,0.9369737368473084,0.131089,False,0.3194362675817324,0.2386621275282283,0.08077414005350408,1.022592956362408,1
2021-08-02,2021Q2,114,0.8599405108424191,0.1432535,False,0.3667257743733855,0.2226163429910131,0.1441094313823724,1.9784297091855907,1
2021-08-03,2021Q2,115,0.8639557317530733,0.128409,False,0.2917641700150596,0.2154135216451172,0.0763506483699424,0.9012389129722027,1
2021-08-04,2021Q2,115,0.8639557317530733,0.135125,False,0.3158350826448003,0.2144765068507971,0.1013585757940032,1.2802226496092501,1
2021-08-05,2021Q2,115,0.8639557317530733,0.126059,False,0.2959136244718276,0.2163526485599144,0.07956097591191322,0.9942100752156698,1
2021-08-06,2021Q2,115,0.8639557317530733,0.1169485,False,0.2702054121107541,0.2127561476154757,0.0574492644952784,0.7530926223578663,1
2021-08-09,2021Q2,140,0.9369737368473084,0.1199365,False,0.292561702284031,0.2102594359989687,0.08230226628506229,1.2310731997948794,1
2021-08-10,2021Q2,140,0.9369737368473084,0.11734,False,0.2757093275863957,0.2113930039794526,0.06431632360694312,0.8814450964825573,1
2021-08-11,2021Q2,140,0.9369737368473084,0.1156484999999999,False,0.2733666694409558,0.2109565695870476,0.06241009985390819,0.8375507358832749,1
2021-08-12,2021Q2,140,0.9369737368473084,0.1117765,False,0.2561307986440599,0.2114611531670107,0.044669645477049214,0.5515341221928174,1
2021-08-13,2021Q2,140,0.9369737368473084,0.105388,False,0.2399405545320279,0.210897811878554,0.029042742653473896,0.28868044724614894,1
2021-08-16,2021Q2,140,0.9369737368473084,0.1123145,False,0.2454738122247315,0.1990998876700132,0.04637392455471831,0.623747358914504,1
2021-08-17,2021Q2,140,0.9369737368473084,0.1258635,False,0.2826792375373464,0.2174058189554132,0.06527341858193322,0.9778432282571873,1
2021-08-18,2021Q2,140,0.9369737368473084,0.1571005,False,0.4331865057385479,0.2321596061679973,0.2010268995705506,3.155272709746272,1
2021-08-19,2021Q2,140,0.9369737368473084,0.161099,False,0.4243482727645298,0.2178672976968873,0.20648097506764249,2.944751267687863,1
2021-08-20,2021Q2,140,0.9369737368473084,0.128531,False,0.3201365733100665,0.2143886897314705,0.10574788357859602,1.3068866869860816,1
2021-08-23,2021Q2,140,0.9369737368473084,0.1187655,False,0.2802559414978339,0.2213791383905277,0.0588768031073062,0.5556649412262373,1
2021-08-24,2021Q2,140,0.9369737368473084,0.118,False,0.2850710325084569,0.2194362292145467,0.0656348032939102,0.6372337657900567,1
2021-08-25,2021Q2,140,0.9369737368473084,0.114839,False,0.2787475249107191,0.2238965560747015,0.05485096883601759,0.44771831331004336,1
2021-08-26,2021Q2,139,0.9347037901161712,0.127994,False,0.3329850538966614,0.2281831433246597,0.1048019105720017,1.19329470082381,1
2021-08-27,2021Q2,139,0.9349724404166204,0.1073315,False,0.2694004656747215,0.2264373401160753,0.042963125558646176,0.20452800635763013,1
2021-08-30,2021Q2,115,0.8639557317530733,0.114791,False,0.275614896463552,0.1985406734731466,0.07707422299040537,0.7173662991814906,1
2021-08-31,2021Q2,115,0.8639557317530733,0.1117075,False,0.2542235941698531,0.1760146747070425,0.07820891946281058,0.7092709040286885,1
2021-09-01,2021Q2,115,0.8639557317530733,0.1120045,False,0.2626776185298368,0.1690691503255746,0.09360846820426219,0.9262836883224234,1
2021-09-02,2021Q2,115,0.8639557317530733,0.110766,False,0.25693559671277,0.1700771130511771,0.0868584836615929,0.7961651157892474,1
2021-09-03,2021Q2,115,0.8639557317530733,0.1016055,False,0.2229324509159501,0.1652251819121523,0.0577072690037978,0.30529569790157585,1
2021-09-07,2021Q2,140,0.9369737368473084,0.1222975,False,0.2936773728332024,0.1514241394408436,0.1422532333923588,1.6261470167371028,1
2021-09-08,2021Q2,140,0.9369737368473084,0.122475,False,0.2853929135170316,0.144733585322203,0.1406593281948286,1.5462916275301637,1
2021-09-09,2021Q2,140,0.9369737368473084,0.1323455,False,0.341068621171143,0.1552633132363199,0.1858053079348231,2.158867601882656,1
2021-09-10,2021Q2,140,0.9369737368473084,0.1464515,False,0.3818430371453352,0.1658963120193121,0.2159467251260231,2.451254906591852,1
2021-09-13,2021Q2,140,0.9369737368473084,0.138264,False,0.3410347197311975,0.1703559210561441,0.17067879867505337,1.6954085841251625,1
2021-09-14,2021Q2,140,0.9369737368473084,0.143915,False,0.3640399459663052,0.1758186062469349,0.18822133971937027,1.8750387939731732,1
2021-09-15,2021Q2,140,0.9369737368473084,0.1289115,False,0.3269656857840737,0.1789145467725187,0.148051139011555,1.2565545013804647,1
2021-09-16,2021Q2,140,0.9369737368473084,0.135154,False,0.3681729612079226,0.1780714325733444,0.1901015286345782,1.8299879782264328,1
2021-09-17,2021Q2,140,0.9369737368473084,0.1507475,False,0.4161201497397685,0.1867370174290513,0.22938313231071722,2.3055110908364105,1
2021-09-20,2021Q2,140,0.9369737368473084,0.193184,False,0.4773009639274211,0.2465240806350738,0.2307768832923473,2.202015092883057,1
2021-09-21,2021Q2,140,0.9369737368473084,0.1909835,False,0.516221176208281,0.2468343104624177,0.26938686574586335,2.5601562457742952,1
2021-09-22,2021Q2,140,0.9369737368473084,0.1658049999999999,False,0.4589103656717186,0.269073580283058,0.1898367853886606,1.4451151619496916,1
2021-09-23,2021Q2,140,0.9369737368473084,0.13938,False,0.3654740773130152,0.2885928733578156,0.0768812039551996,-0.1057388131923193,0
2021-09-24,2021Q2,139,0.933967173755921,0.1314894999999999,False,0.3427749575903826,0.2872537209250477,0.05552123666533493,-0.4190523102510511,0
2021-09-27,2021Q2,115,0.8639557317530733,0.1389695,False,0.2898991337204205,0.2962575633556588,-0.006358429635238305,-1.2904361413773033,0
2021-09-28,2021Q2,115,0.8639557317530733,0.189486,False,0.428770013486173,0.3517662303762383,0.07700378310993472,-0.1469063949979254,0
2021-09-29,2021Q2,115,0.8639557317530733,0.188058,False,0.4293717945874933,0.3504592018619121,0.07891259272558121,-0.1386520822585781,0
2021-09-30,2021Q2,115,0.8639557317530733,0.198211,False,0.4458757363371886,0.3556592912343143,0.0902164451028743,0.009174706482962803,0
2021-10-01,2021Q3,116,0.866148179288126,0.1703945,False,0.3443153453174806,0.3666675892278433,-0.022352243910362724,-1.5670566373105335,0
2021-10-04,2021Q3,116,0.866148179288126,0.1918045,False,0.3786172769000948,0.3769930709413955,0.0016242059586992763,-1.2315586813936579,0
2021-10-05,2021Q3,116,0.866148179288126,0.176309,False,0.361046152275812,0.3820256116242732,-0.020979459348461182,-1.5343288112957691,0
2021-10-06,2021Q3,116,0.866148179288126,0.1782015,False,0.3638120489052535,0.384601723663904,-0.02078967475865051,-1.4924866640090055,0
2021-10-07,2021Q3,116,0.866148179288126,0.1612325,False,0.3311445311754687,0.3942010106538585,-0.06305647947838977,-1.9977206996435852,0
2021-10-08,2021Q3,116,0.866148179288126,0.1538735,False,0.3077190469886217,0.3892652642509185,-0.08154621726229683,-2.1329511519514166,0
2021-10-11,2021Q3,141,0.940237470071185,0.1668684999999999,False,0.3685528159852593,0.37183699030134,-0.00328417431608069,-1.088574858628499,0
2021-10-12,2021Q3,141,0.940237470071185,0.162581,False,0.344290675676971,0.3746347447515193,-0.030344069074548286,-1.383002235100613,0
2021-10-13,2021Q3,141,0.940237470071185,0.1526664999999999,False,0.3248382103096184,0.3749638983555355,-0.050125688045917105,-1.5742572960398789,0
2021-10-14,2021Q3,141,0.940237470071185,0.130089,False,0.2698061212679575,0.4090526728055825,-0.139246551537625,-2.5158580072372154,0
2021-10-15,2021Q3,141,0.940237470071185,0.1217419999999999,False,0.2545819199188582,0.4158360589841426,-0.1612541390652844,-2.5950962059660743,0
2021-10-18,2021Q3,141,0.940237470071185,0.1244125,False,0.2577746422483546,0.4096293314639182,-0.1518546892155636,-2.3707152070481983,0
2021-10-19,2021Q3,141,0.940237470071185,0.1171804999999999,False,0.2286475807663854,0.4191294480136568,-0.19048186724727142,-2.615469736058435,0
2021-10-20,2021Q3,140,0.9377040592671032,0.1190725,False,0.2343630562065552,0.4159776303228223,-0.1816145741162671,-2.379412154248831,0
2021-10-21,2021Q3,141,0.940237470071185,0.1140015,False,0.2156208664454452,0.4071354379946472,-0.19151457154920198,-2.3204080841491592,0
2021-10-22,2021Q3,141,0.940237470071185,0.1182085,False,0.2223817677513245,0.3916596424914507,-0.16927787474012618,-2.0068740577888904,0
2021-10-25,2021Q3,140,0.9377040592671032,0.11706,False,0.2154089138679021,0.3809594523166517,-0.1655505384487496,-1.8780960163841272,0
2021-10-26,2021Q3,140,0.9377040592671032,0.1239265,False,0.2438997008755936,0.3730306908257225,-0.1291309899501289,-1.5025998904324962,0
2021-10-27,2021Q3,140,0.9377040592671032,0.1330735,False,0.2888177654046421,0.339124559416639,-0.05030679401199689,-0.8096015408714466,0
2021-10-28,2021Q3,140,0.9377040592671032,0.120726,False,0.2333221662523671,0.3387930190926915,-0.1054708528403244,-1.2334133319784888,0
2021-10-29,2021Q3,141,0.940237470071185,0.1185124999999999,False,0.2413955431426972,0.3216997920013892,-0.080304248858692,-0.9927477659862307,0
2021-11-01,2021Q3,117,0.8734829981413658,0.123811,False,0.2425498125553526,0.2762505815002943,-0.0337007689449417,-0.5913152709178181,0
2021-11-02,2021Q3,117,0.8734829981413658,0.1192415,False,0.2205111041169261,0.271989060148453,-0.051477956031526884,-0.7177472213734369,0
2021-11-03,2021Q3,117,0.8734829981413658,0.115926,False,0.2123664146253635,0.2667400121368268,-0.05437359751146331,-0.722406500607155,0
2021-11-04,2021Q3,116,0.8692804817091548,0.113583,False,0.1837210887870224,0.2474198715383795,-0.0636987827513571,-0.7780966086843929,0
2021-11-05,2021Q3,117,0.8734829981413658,0.116365,False,0.1895913351768706,0.2341568615574972,-0.04456552638062661,-0.6074527904772733,0
2021-11-08,2021Q3,141,0.940237470071185,0.122851,False,0.2128751022266828,0.230889199310394,-0.01801409708371121,-0.38392974470249164,0
2021-11-09,2021Q3,141,0.940237470071185,0.1278795,False,0.2171926771172144,0.1667833890031448,0.05040928811406961,0.1730702835071304,0
2021-11-10,2021Q3,141,0.940237470071185,0.1413039999999999,False,0.2821272180724161,0.1722463317656472,0.1098808863067689,0.6496978658289938,0
2021-11-11,2021Q3,141,0.940237470071185,0.1362344999999999,False,0.2842199642516472,0.1527756754407275,0.13144428881091968,0.8433451200467412,0
2021-11-12,2021Q3,141,0.940237470071185,0.121276,False,0.2283100897007273,0.149761996069126,0.07854809363160131,0.43379935619897847,0
2021-11-15,2021Q3,141,0.940237470071185,0.1268105,False,0.2377889873688525,0.1163669807471456,0.12142200662170691,0.7885108810470687,0
2021-11-16,2021Q3,141,0.940237470071185,0.124003,False,0.236660180571774,0.1059212773423793,0.1307389032293947,0.8513855149285748,0
2021-11-17,2021Q3,141,0.940237470071185,0.1299925,False,0.258099756691808,0.1056805753075619,0.1524191813842461,1.0110177336953377,1
2021-11-18,2021Q3,141,0.940237470071185,0.1283355,False,0.2374956566700952,0.0956420294010623,0.1418536272690329,0.90603108741917,1
2021-11-19,2021Q3,141,0.940237470071185,0.130602,False,0.2447919414675387,0.0921064816752204,0.1526854597923183,0.982848697321893,1
2021-11-22,2021Q3,141,0.940237470071185,0.143924,False,0.2778727161248271,0.0813136390224676,0.1965590771023595,1.2994338097511702,1
2021-11-23,2021Q3,141,0.940237470071185,0.1414625,False,0.2459352282862198,0.0758000286273454,0.17013519965887441,1.0658506110622015,1
2021-11-24,2021Q3,141,0.940237470071185,0.1355245,False,0.2360570451930057,0.0759720577960293,0.1600849873969764,0.9682565490776494,1
2021-11-26,2021Q3,141,0.940237470071185,0.1967525,False,0.3722806644152982,0.1102121353236267,0.26206852909167155,1.7083368201209517,1
2021-11-29,2021Q3,117,0.8734829981413658,0.1641065,False,0.3170364676583362,0.1174375841484177,0.1995988835099185,1.199393034790771,1
2021-11-30,2021Q3,117,0.8734829981413658,0.2064254999999999,False,0.4300400392123691,0.1431533589553227,0.28688668025704644,1.7835826976888047,1
2021-12-01,2021Q3,117,0.8734829981413658,0.2404325,False,0.5302097127609213,0.1489399463346015,0.3812697664263198,2.343593356543336,1
2021-12-02,2021Q3,118,0.8756056013305414,0.2117095,False,0.4363773968753356,0.1560666039428941,0.28031079293244154,1.5838418342619704,1
2021-12-03,2021Q3,118,0.8756056013305414,0.222677,False,0.4011173959921106,0.1600877931458338,0.2410296028462768,1.2955126561404706,1
2021-12-06,2021Q3,118,0.8756056013305414,0.1993685,False,0.3739249135207147,0.1701454184408374,0.20377949507987733,1.041878783021053,1
2021-12-07,2021Q3,118,0.8756056013305414,0.1618264999999999,False,0.302886859499708,0.2051101464525166,0.0977767130471914,0.32038627763004623,1
2021-12-08,2021Q3,118,0.8756056013305414,0.1509615,False,0.276755115905613,0.2061002419461873,0.07065487395942571,0.14703462634872375,1
2021-12-09,2021Q3,118,0.8756056013305414,0.1625245,False,0.3062380540214013,0.2234521276536849,0.0827859263677164,0.24025136576905903,1
2021-12-10,2021Q3,118,0.8756056013305414,0.1367595,False,0.2418184512577864,0.2185173975284281,0.023301053729358284,-0.1586687933604936,0
2021-12-13,2021Q3,141,0.940237470071185,0.1574905,False,0.3005224581124051,0.2306928593332871,0.06982959877911799,0.1918640105247462,0
2021-12-14,2021Q3,141,0.940237470071185,0.1741484999999999,False,0.345967652625416,0.2373026504697197,0.1086650021556963,0.4917729271366481,0
2021-12-15,2021Q3,141,0.940237470071185,0.147999,False,0.2574170266460321,0.2545325813247776,0.0028844453212545362,-0.2511589084114655,0
2021-12-16,2021Q3,141,0.940237470071185,0.164792,False,0.2872939392232139,0.2446397501047701,0.04265418911844379,0.06404061783909523,0
2021-12-17,2021Q3,141,0.940237470071185,0.177924,False,0.3478470793374294,0.2543711503249942,0.09347592901243523,0.4444293461894316,0
2021-12-20,2021Q3,141,0.940237470071185,0.1901725,False,0.3787651247702728,0.2696663931599608,0.10909873161031197,0.5539470363577897,0
2021-12-21,2021Q3,141,0.940237470071185,0.1655525,False,0.3478750740372121,0.289088852644584,0.05878622139262807,0.16812698100156384,0
2021-12-22,2021Q3,141,0.940237470071185,0.1469579999999999,False,0.3011059455393289,0.3031274798153296,-0.0020215342760007138,-0.2788608829505766,0
2021-12-23,2021Q3,141,0.940237470071185,0.1353475,False,0.2728420722424257,0.3069972602839121,-0.03415518804148643,-0.5055084909084913,0
2021-12-27,2021Q3,141,0.940237470071185,0.128414,False,0.2062200365598601,0.3172176569801231,-0.11099762042026301,-1.0485896895544031,0
2021-12-28,2021Q3,141,0.940237470071185,0.1272325,False,0.203790303985958,0.3176048311371199,-0.11381452715116191,-1.0494863346299523,0
2021-12-29,2021Q3,141,0.940237470071185,0.1259525,False,0.2133437176666216,0.3194238509457677,-0.10608013327914609,-0.9714566820937464,0
2021-12-30,2021Q3,141,0.940237470071185,0.1293815,False,0.2277432340738153,0.324503608761531,-0.0967603746877157,-0.8887550265360517,0
2021-12-31,2021Q3,140,0.9384524287094592,0.127901,False,0.2243695681757884,0.3305140057225594,-0.106144437546771,-0.9404078718454297,0
2022-01-03,2021Q4,115,0.8702144069739423,0.1227415,False,0.1610634650471433,0.3405736687996019,-0.17951020375245857,-1.435893453645849,0
2022-01-04,2021Q4,115,0.8702144069739423,0.1233615,False,0.1540352749713583,0.338883540203082,-0.18484826523172368,-1.4420165196633312,0
2022-01-05,2021Q4,115,0.8702144069739423,0.157636,False,0.2339608619528771,0.3631083087922548,-0.1291474468393777,-1.026312707463324,0
2022-01-06,2021Q4,116,0.8720844033235489,0.1565995,False,0.2307120540457054,0.359343234583619,-0.1286311805379136,-1.0034670038733735,0
2022-01-07,2021Q4,116,0.8720844033235489,0.148531,False,0.2066130501698478,0.3572179724674217,-0.1506049222975739,-1.1332104969254448,0
2022-01-10,2021Q4,142,0.9466383749108076,0.153483,False,0.2187005892614078,0.3269971649134339,-0.10829657565202608,-0.8497508895350852,0
2022-01-11,2021Q4,142,0.9466383749108076,0.1449565,False,0.2151768693480952,0.3219059200994352,-0.10672905075133998,-0.8508056211677681,0
2022-01-12,2021Q4,142,0.9466383749108076,0.1412535,False,0.2152225319588527,0.3152830933335655,-0.10006056137471284,-0.8155313524929773,0
2022-01-13,2021Q4,142,0.9466383749108076,0.168265,False,0.2754022091420786,0.3319670698697629,-0.056564860727684296,-0.5366454259323711,0
2022-01-14,2021Q4,142,0.9466383749108076,0.1577695,False,0.2487485583579475,0.3243992617669541,-0.07565070340900659,-0.6934947121708411,0
2022-01-18,2021Q4,142,0.9466383749108076,0.195686,False,0.3335598551082048,0.347202152085983,-0.01364229697777819,-0.27550095098778116,0
2022-01-19,2021Q4,142,0.9466383749108076,0.2039505,False,0.3722390050106335,0.3481035330798275,0.024135471930806007,-0.023172492329513794,0
2022-01-20,2021Q4,141,0.9449152064088324,0.2171725,False,0.409112939383103,0.3241532720899165,0.08495966729318649,0.4051788204268552,0
2022-01-21,2021Q4,142,0.9466383749108076,0.2491185,False,0.4396491462416449,0.3347036365748128,0.10494550966683214,0.5324429083021036,0
2022-01-24,2021Q4,142,0.9466383749108076,0.2473894999999999,False,0.3992911554469477,0.3315891563916218,0.06770199905532592,0.23332514269016136,0
2022-01-25,2021Q4,142,0.9466383749108076,0.2610555,False,0.4143150684462778,0.3284249115932139,0.08589015685306389,0.35168932660444374,0
2022-01-26,2021Q4,142,0.9466383749108076,0.257301,False,0.4323047990299544,0.3229848526853155,0.10931994634463887,0.5113983515903915,0
2022-01-27,2021Q4,142,0.9466383749108076,0.260683,False,0.4476352900314347,0.3115394777815423,0.13609581224989242,0.6971046953330633,0
2022-01-28,2021Q4,141,0.9449152064088324,0.2201665,False,0.3998800369853058,0.3328983911364083,0.06698164584889749,0.1448728087407945,0
2022-01-31,2021Q4,116,0.8720844033235489,0.199035,False,0.3638615021783868,0.3781497734308761,-0.01428827125248927,-0.4972624852182951,0
2022-02-01,2021Q4,116,0.8720844033235489,0.177343,False,0.3056743324600066,0.3778458695565444,-0.07217153709653784,-0.9491516045884788,0
2022-02-02,2021Q4,116,0.8720844033235489,0.1702199999999999,False,0.2937337459085305,0.3544157176955769,-0.060681971787046374,-0.8555733410294433,0
2022-02-03,2021Q4,116,0.8720844033235489,0.2123795,False,0.3590984764562054,0.3530936081777395,0.0060048682784659135,-0.3375695400403702,0
2022-02-04,2021Q4,116,0.8720844033235489,0.1912815,False,0.3650371515583738,0.3254059379058766,0.03963121365249722,-0.07278756099551585,0
2022-02-07,2021Q4,142,0.9466383749108076,0.194651,False,0.3709805152877656,0.3158781852193031,0.05510233006846249,0.055639806320723066,0
2022-02-08,2021Q4,142,0.9466383749108076,0.177636,False,0.3470623980817337,0.3084945781457216,0.038567819936012104,-0.06219050116282863,0
2022-02-09,2021Q4,142,0.9466383749108076,0.1656725,False,0.3327325686284978,0.3165563055816922,0.01617626304680564,-0.23038178926667252,0
2022-02-10,2021Q4,142,0.9466383749108076,0.2001155,False,0.4290282531416309,0.3290864434331143,0.09994180970851663,0.43288236791892326,0
2022-02-11,2021Q4,142,0.9466383749108076,0.225376,False,0.4437279873325072,0.3441718115054707,0.09955617582703646,0.4349474231913614,0
2022-02-14,2021Q4,142,0.9466383749108076,0.239076,False,0.4830715179459643,0.3422818065089593,0.14078971143700503,0.7634659172787862,0
2022-02-15,2021Q4,142,0.9466383749108076,0.208995,False,0.4422431095420501,0.362393133316455,0.07984997622559509,0.29048762318567667,0
2022-02-16,2021Q4,142,0.9466383749108076,0.1993035,False,0.4166001425211429,0.3729081760056787,0.0436919665154642,0.017521514255326578,0
2022-02-17,2021Q4,142,0.9466383749108076,0.2344844999999999,False,0.4891511914096927,0.3787203637296663,0.11043082768002643,0.5692382922529095,0
2022-02-18,2021Q4,142,0.9466383749108076,0.2345205,False,0.4908284498412631,0.3850834721550099,0.10574497768625324,0.5438480639624057,0
2022-02-22,2021Q4,142,0.9466383749108076,0.2507375,False,0.5202341730958413,0.3879972326807842,0.13223694041505712,0.7660537394138578,0
2022-02-23,2021Q4,142,0.9466383749108076,0.266754,False,0.5353013645283247,0.4034965360446365,0.13180482848368819,0.799306880517935,0
2022-02-24,2021Q4,142,0.9466383749108076,0.2483555,False,0.5029168332396297,0.4027843756093862,0.10013245763024348,0.5555116763385242,0
2022-02-25,2021Q4,142,0.9466383749108076,0.2246975,False,0.4865911962792778,0.4149258676465279,0.07166532863274994,0.35834630665044637,0
2022-02-28,2021Q4,116,0.8720844033235489,0.2433445,False,0.4939610059954049,0.4073181275776854,0.0866428784177195,0.5827858272402116,0
2022-03-01,2021Q4,116,0.8720844033235489,0.283594,False,0.5504709506052651,0.4109972854140827,0.13947366519118237,1.163606702315178,1
2022-03-02,2021Q4,116,0.8720844033235489,0.2534315,False,0.527822116343206,0.4111460376410486,0.11667607870215735,0.9885197633448974,1
2022-03-03,2021Q4,116,0.8720844033235489,0.259472,False,0.5262720349096031,0.4105467687601566,0.11572526614944645,1.017011967604305,1
2022-03-04,2021Q4,116,0.8720844033235489,0.2674525,False,0.4991842682294768,0.4036212231038873,0.0955630451255895,0.8027471144940052,1
2022-03-07,2021Q4,142,0.9466383749108076,0.301276,False,0.5372710329090739,0.4210225669553174,0.11624846595375643,1.008781347444587,1
2022-03-08,2021Q4,142,0.9466383749108076,0.29984,False,0.5535772036847032,0.4153347785815367,0.13824242510316648,1.2206124035494852,1
2022-03-09,2021Q4,142,0.9466383749108076,0.2732385,False,0.5465402540752684,0.4396298156514474,0.10691043842382103,0.8713270708321612,1
2022-03-10,2021Q4,142,0.9466383749108076,0.265053,False,0.5111051342688139,0.4408344394299982,0.07027069483881565,0.489137693380411,1
2022-03-11,2021Q4,142,0.9466383749108076,0.2609464999999999,False,0.4773962633567687,0.456338383464514,0.021057879892254716,-0.008888751915493381,0
2022-03-14,2021Q4,142,0.9466383749108076,0.281642,False,0.5170414546678689,0.4388977611802436,0.07814369348762529,0.5758789755996347,0
2022-03-15,2021Q4,142,0.9466383749108076,0.257916,False,0.491591426529511,0.4493243318483715,0.04226709468113948,0.2001995000308548,0
2022-03-16,2021Q4,142,0.9466383749108076,0.2239895,False,0.4574138596604595,0.4695668152344657,-0.012152955574006197,-0.35260842904061873,0
2022-03-17,2021Q4,142,0.9466383749108076,0.210139,False,0.4489429249195392,0.4901091903802015,-0.04116626546066232,-0.633729220763861,0
2022-03-18,2021Q4,142,0.9466383749108076,0.190533,False,0.4163562933347636,0.4897752626898503,-0.07341896935508668,-0.9449303096929338,0
2022-03-21,2021Q4,142,0.9466383749108076,0.1921725,False,0.4011293988261709,0.5128533241656893,-0.11172392533951842,-1.3081776421074744,0
2022-03-22,2021Q4,142,0.9466383749108076,0.180553,False,0.3962838553237359,0.5146937341294914,-0.11840987880575549,-1.3443454580517213,0
2022-03-23,2021Q4,142,0.9466383749108076,0.191817,False,0.408355642027351,0.5179599275814444,-0.1096042855540934,-1.2551892360379366,0
2022-03-24,2021Q4,141,0.9441794607827382,0.174931,False,0.3657130674782159,0.5204918009309013,-0.1547787334526854,-1.6910189587388014,0
2022-03-25,2021Q4,116,0.8720844033235489,0.16405,False,0.3263283874219455,0.5166469932173081,-0.19031860579536264,-1.9896549581365741,0
2022-03-28,2021Q4,116,0.8720844033235489,0.1537919999999999,False,0.2318369393900471,0.5014234127467717,-0.2695864733567246,-2.6035807154005672,0
2022-03-29,2021Q4,116,0.8720844033235489,0.148646,False,0.2400261493714972,0.5015768928432399,-0.26155074347174273,-2.4004509053716947,0
2022-03-30,2021Q4,116,0.8720844033235489,0.160386,False,0.2718754599179589,0.4968130892949196,-0.22493762937696066,-2.038959185264463,0
2022-03-31,2021Q4,116,0.8720844033235489,0.1782194999999999,False,0.3138859582610021,0.5065860596162595,-0.1927001013552574,-1.7485952130799085,0
2022-04-01,2022Q1,116,0.8761340447120974,0.152435,False,0.2343455657573304,0.4527522328126012,-0.2184066670552708,-1.9226841565402102,0
2022-04-04,2022Q1,117,0.8785722915672983,0.147813,False,0.2253909742124373,0.4474815967753818,-0.22209062256294448,-1.901263617308702,0
2022-04-05,2022Q1,117,0.8785722915672983,0.1700535,False,0.2769540259663738,0.4537364330471086,-0.17678240708073478,-1.505189091942597,0
2022-04-06,2022Q1,117,0.8785722915672983,0.184442,False,0.2911915842632381,0.4330689951538312,-0.14187741089059308,-1.1997197457379456,0
2022-04-07,2022Q1,117,0.8785722915672983,0.1775594999999999,False,0.2623749369144564,0.4415446958445383,-0.1791697589300819,-1.4844358237856172,0
2022-04-08,2022Q1,117,0.8785722915672983,0.1735805,False,0.2506734758610975,0.429355877565336,-0.1786824017042385,-1.4512091505903326,0
2022-04-11,2022Q1,139,0.9400229227304324,0.205402,False,0.3339026442647632,0.4453355697613887,-0.11143292549662553,-0.8882854800382667,0
2022-04-12,2022Q1,140,0.9454559031758596,0.202192,False,0.3363263734350433,0.4400679515431263,-0.10374157810808299,-0.8195310002476136,0
2022-04-13,2022Q1,140,0.9454559031758596,0.1817095,False,0.2966013121102966,0.4339253283422876,-0.13732401623199098,-1.0652294229882742,0
2022-04-14,2022Q1,140,0.9454559031758596,0.1931955,False,0.3302797020080421,0.4408848160356493,-0.1106051140276072,-0.8275719487560665,0
2022-04-18,2022Q1,140,0.9454559031758596,0.1924595,False,0.3221465273412535,0.4424189363824887,-0.1202724090412352,-0.8758733855227364,0
2022-04-19,2022Q1,140,0.9454559031758596,0.1757405,False,0.2840101848046739,0.4170968322157483,-0.1330866474110744,-0.9462013558341712,0
2022-04-20,2022Q1,140,0.9454559031758596,0.178994,False,0.2732711249340098,0.4083839777858953,-0.1351128528518855,-0.9318379670214697,0
2022-04-21,2022Q1,140,0.9454559031758596,0.1982895,False,0.3081105252140972,0.3929573645213363,-0.08484683930723907,-0.5111572726740098,0
2022-04-22,2022Q1,140,0.9454559031758596,0.234875,False,0.3602877144442537,0.4389288338433965,-0.07864111939914276,-0.43997504562193757,0
2022-04-25,2022Q1,140,0.9454559031758596,0.231333,False,0.3544629487437526,0.4289548012088534,-0.07449185246510076,-0.38338404634129586,0
2022-04-26,2022Q1,140,0.9454559031758596,0.2741114999999999,False,0.4124620991716905,0.4709615001200867,-0.058499400948396174,-0.2370248427662444,0
2022-04-27,2022Q1,140,0.9454559031758596,0.2668859999999999,False,0.4471175520790247,0.4385227143732135,0.008594837705811209,0.3092931720075729,0
2022-04-28,2022Q1,140,0.9454559031758596,0.2428165,False,0.4203461106500525,0.4414347371782707,-0.02108862652821819,0.05937680594886406,0
2022-04-29,2022Q1,140,0.9454559031758596,0.288552,False,0.5328465812850318,0.4750758920087262,0.05777068927630563,0.6870672212554279,0
2022-05-02,2022Q1,117,0.8785722915672983,0.2686674999999999,False,0.4866522348883478,0.4716983317887874,0.014953903099560406,0.3360528816794931,0
2022-05-03,2022Q1,117,0.8785722915672983,0.2534725,False,0.4641721918233888,0.4735375642499937,-0.009365372426604901,0.14451964001730636,0
2022-05-04,2022Q1,117,0.8785722915672983,0.218549,False,0.4189537493360632,0.5053292551951404,-0.08637550585907716,-0.467271800045881,0
2022-05-05,2022Q1,117,0.8785722915672983,0.274931,False,0.4947541971276838,0.5440968163850495,-0.04934261925736566,-0.15199760250482147,0
2022-05-06,2022Q1,117,0.8785722915672983,0.259145,False,0.4522400506316903,0.5356763484869681,-0.08343629785527779,-0.4184924791869978,0
2022-05-09,2022Q1,140,0.9454559031758596,0.3012805,False,0.5080076468602329,0.539570447461525,-0.03156280060129213,0.026067066761047364,0
2022-05-10,2022Q1,140,0.9454559031758596,0.2933615,False,0.5061973747447449,0.5345578020888458,-0.028360427344100936,0.0711198880492544,0
2022-05-11,2022Q1,140,0.9454559031758596,0.2964995,False,0.4830208366888212,0.5269327794257752,-0.043911942736954035,-0.03422735031059231,0
2022-05-12,2022Q1,140,0.9454559031758596,0.29043,False,0.4560219183301986,0.5230101722129878,-0.06698825388278923,-0.21262853611599788,0
2022-05-13,2022Q1,140,0.9454559031758596,0.257369,False,0.4340175827861198,0.5417668481134993,-0.1077492653273795,-0.5439553661464559,0
2022-05-16,2022Q1,140,0.9454559031758596,0.255357,False,0.4331690311747306,0.5409512989079301,-0.10778226773319954,-0.5197304370649836,0
2022-05-17,2022Q1,140,0.9454559031758596,0.2396039999999999,False,0.4526756396280134,0.5425906912377195,-0.08991505160970614,-0.339499375122217,0
2022-05-18,2022Q1,140,0.9454559031758596,0.2771905,False,0.4574154292271409,0.5637666625098207,-0.10635123328267976,-0.46038008358757543,0
2022-05-19,2022Q1,140,0.9454559031758596,0.2651385,False,0.4529173982733468,0.5649002453700653,-0.11198284709671852,-0.48604491609536504,0
2022-05-20,2022Q1,140,0.9454559031758596,0.2670485,False,0.4625322687377353,0.5568134758812812,-0.09428120714354588,-0.2964166208833678,0
2022-05-23,2022Q1,140,0.9454559031758596,0.255639,False,0.4682532764350339,0.5660210090591127,-0.09776773262407878,-0.3068201367943938,0
2022-05-24,2022Q1,140,0.9454559031758596,0.2648239999999999,False,0.4612034101246111,0.5576750407073066,-0.09647163058269548,-0.2698690565885027,0
2022-05-25,2022Q1,140,0.9454559031758596,0.259131,False,0.4719200685538708,0.5604484638045119,-0.08852839525064105,-0.1606196921161836,0
2022-05-26,2022Q1,140,0.9454559031758596,0.246319,False,0.486686110832726,0.5661668525117045,-0.0794807416789785,-0.03652333994903452,0
2022-05-27,2022Q1,140,0.9454559031758596,0.2248605,False,0.4738251963550122,0.5808281951436258,-0.10700299878861363,-0.29722833401890814,0
2022-05-31,2022Q1,116,0.8761358902326272,0.239767,False,0.4611012112520987,0.5895578096510705,-0.12845659839897183,-0.5053229180982213,0
2022-06-01,2022Q1,116,0.8761358902326272,0.2359895,False,0.4474995807425053,0.5830283918044511,-0.1355288110619458,-0.56101570387911,0
2022-06-02,2022Q1,116,0.8761358902326272,0.22251,False,0.4278877536544441,0.602842935908627,-0.17495518225418294,-1.0165612477834658,0
2022-06-03,2022Q1,116,0.8761358902326272,0.229977,False,0.4329977594817948,0.6096228652830982,-0.17662510580130336,-1.0254106006701567,0
2022-06-06,2022Q1,140,0.9454559031758596,0.223297,False,0.4366335903645033,0.5938744422048976,-0.15724085184039432,-0.7525819640883403,0
2022-06-07,2022Q1,140,0.9454559031758596,0.214669,False,0.4435524830541584,0.5985175008675117,-0.15496501781335326,-0.6960574303833054,0
2022-06-08,2022Q1,140,0.9454559031758596,0.2197835,False,0.4563061103178815,0.5846224439573244,-0.12831633363944295,-0.2989595675948179,0
2022-06-09,2022Q1,140,0.9454559031758596,0.2429585,False,0.5018346835293807,0.6059358611627785,-0.10410117763339788,0.09258243313494627,0
2022-06-10,2022Q1,140,0.9454559031758596,0.2531065,False,0.4804853170208017,0.6115427451021348,-0.13105742808133308,-0.29192805815409234,0
2022-06-13,2022Q1,140,0.9454559031758596,0.3074675,False,0.5372356430024058,0.6231791777918168,-0.08594353478941097,0.42111752763757504,0
2022-06-14,2022Q1,140,0.9454559031758596,0.288163,False,0.5094514020130114,0.6196082061299402,-0.11015680411692874,0.05298177253770016,0
2022-06-15,2022Q1,140,0.9454559031758596,0.271448,False,0.5298122155505796,0.6245102089737573,-0.09469799342317775,0.29036289585983155,0
2022-06-16,2022Q1,140,0.9454559031758596,0.2941185,False,0.5160445660014064,0.6133989638303432,-0.09735439782893685,0.24320167068153145,0
2022-06-17,2022Q1,140,0.9454559031758596,0.268055,False,0.4829188470605349,0.5893914288701091,-0.1064725818095742,0.09978650523856122,0
2022-06-21,2022Q1,140,0.9454559031758596,0.2659905,False,0.5087782796784376,0.6054019429116284,-0.09662366323319083,0.23941098464943988,0
2022-06-22,2022Q1,140,0.9454559031758596,0.263179,False,0.4892014824444756,0.5905976409799151,-0.10139615853543948,0.14314637700802504,0
2022-06-23,2022Q1,140,0.9454559031758596,0.2605245,False,0.4903914705992625,0.5897086783320007,-0.09931720773273817,0.13895264253307077,0
2022-06-24,2022Q1,140,0.9454559031758596,0.2377355,False,0.4600966798676271,0.6068029373411332,-0.14670625747350613,-0.7322710900141033,0
2022-06-27,2022Q1,115,0.8741840221280968,0.2440324999999999,False,0.3975558815890186,0.6164933020889178,-0.21893742049989923,-2.0300326159959656,0
2022-06-28,2022Q1,115,0.8741840221280968,0.255696,False,0.4098494297893844,0.6108093504065253,-0.2009599206171409,-1.698766681994846,0
2022-06-29,2022Q1,115,0.8741840221280968,0.2581075,False,0.4066315184559527,0.6119970059896511,-0.20536548753369843,-1.7946548897263088,0
2022-06-30,2022Q1,115,0.8741840221280968,0.262714,False,0.4032159356433023,0.61470424870398,-0.21148831306067767,-1.9202775473884859,0
2022-07-01,2022Q2,114,0.8687060452223714,0.242743,False,0.3986357221221013,0.5672933446378303,-0.16865762251572902,-1.1517359372593277,0
2022-07-05,2022Q2,114,0.8687060452223714,0.252422,False,0.4134697638044564,0.565928207474372,-0.15245844366991562,-0.852611402370642,0
2022-07-06,2022Q2,114,0.8687060452223714,0.2498615,False,0.4187554590235999,0.5749274861274466,-0.1561720271038467,-0.9342211334123609,0
2022-07-07,2022Q2,114,0.8687060452223714,0.238968,False,0.4106869846626742,0.5764683609874225,-0.16578137632474826,-1.1189096131069718,0
2022-07-08,2022Q2,114,0.8687060452223714,0.2223915,False,0.3738698313223616,0.5900991473472043,-0.21622931602484263,-1.9451317832127424,0
2022-07-11,2022Q2,140,0.9461105985760496,0.2395904999999999,False,0.4231827865385191,0.586695530020784,-0.1635127434822649,-0.9848120490860965,0
2022-07-12,2022Q2,140,0.9461105985760496,0.2477885,False,0.4251377908335003,0.5763006817451228,-0.15116289091162255,-0.7616827444207851,0
2022-07-13,2022Q2,140,0.9461105985760496,0.2472085,False,0.4221768563466953,0.5557692500458892,-0.1335923936991939,-0.44621451782495547,0
2022-07-14,2022Q2,140,0.9461105985760496,0.2449755,False,0.4196414783604305,0.5571774455040538,-0.13753596714362332,-0.5092473773561758,0
2022-07-15,2022Q2,140,0.9461105985760496,0.2170015,False,0.368499112588617,0.5674340512913748,-0.1989349387027578,-1.5330239806299075,0
2022-07-18,2022Q2,140,0.9461105985760496,0.2320205,False,0.4041217946344295,0.5592605688781964,-0.15513877424376693,-0.7740305493030356,0
2022-07-19,2022Q2,140,0.9461105985760496,0.222218,False,0.4053766438524943,0.5782626398134033,-0.17288599596090903,-1.0437520011427763,0
2022-07-20,2022Q2,140,0.9461105985760496,0.219509,False,0.4015249248650142,0.5717235355798084,-0.1701986107147942,-0.9670512375279536,0
2022-07-21,2022Q2,140,0.9461105985760496,0.2063025,False,0.373479536014977,0.5652109838858831,-0.19173144787090607,-1.2830328040018735,0
2022-07-22,2022Q2,140,0.9461105985760496,0.201573,False,0.3525951182784182,0.5586587480208862,-0.206063629742468,-1.4644512586355198,0
2022-07-25,2022Q2,140,0.9461105985760496,0.204792,False,0.3497710178179323,0.5422364802409814,-0.19246546242304907,-1.2158098859621578,0
2022-07-26,2022Q2,140,0.9461105985760496,0.2208665,False,0.3797479921981115,0.5141655431470287,-0.13441755094891716,-0.2072737613011712,0
2022-07-27,2022Q2,140,0.9461105985760496,0.2070115,False,0.421121251322033,0.465646613693679,-0.044525362371646005,1.4844638814320859,1
2022-07-28,2022Q2,140,0.9461105985760496,0.198098,False,0.4163641717712179,0.4667570858738015,-0.05039291410258362,1.4566556537379363,1
2022-07-29,2022Q2,140,0.9461105985760496,0.1857579999999999,False,0.4195344077144188,0.4473680397638799,-0.0278336320494611,1.926150811415218,1
2022-08-01,2022Q2,116,0.8799233788067028,0.1995795,False,0.4255712887184207,0.4177512156890569,0.007820073029363828,2.470238329951259,1
2022-08-02,2022Q2,116,0.8799233788067028,0.2107925,False,0.4580161702179949,0.4283432455454473,0.029672924672547618,2.713889147113507,1
2022-08-03,2022Q2,116,0.8799233788067028,0.194467,False,0.4356006255122665,0.4067017915710661,0.028898833941200408,2.526438962779622,1
2022-08-04,2022Q2,116,0.8799233788067028,0.192719,False,0.4215020056536427,0.408786595758499,0.012715409895143692,2.1895117542760016,1
2022-08-05,2022Q2,116,0.8799233788067028,0.1836705,False,0.411664450105959,0.4126728170138634,-0.001008366907904401,1.930272284572281,1
2022-08-08,2022Q2,140,0.9461105985760496,0.1841645,False,0.4154340474110742,0.3666443586411409,0.04878968876993328,2.5881220778202687,1
2022-08-09,2022Q2,140,0.9461105985760496,0.189965,False,0.4249438824597638,0.3637481231557175,0.061195759304046304,2.596893346319294,1
2022-08-10,2022Q2,140,0.9461105985760496,0.1718595,False,0.4031108195828039,0.3541463685855885,0.048964450997215414,2.271305465653718,1
2022-08-11,2022Q2,140,0.9461105985760496,0.1739625,False,0.3973575510358134,0.3558047841763296,0.04155276685948378,2.053843451008053,1
2022-08-12,2022Q2,140,0.9461105985760496,0.1633215,False,0.3863588863329229,0.3609698736070695,0.02538901272585342,1.7621765252495067,1
2022-08-15,2022Q2,140,0.9461105985760496,0.1722139999999999,False,0.4062932005000098,0.3623248994278975,0.043968301072112304,1.9100695847014115,1
2022-08-16,2022Q2,140,0.9461105985760496,0.170084,False,0.4110952229833277,0.372358446796302,0.0387367761870257,1.7626065541160516,1
2022-08-17,2022Q2,140,0.9461105985760496,0.1780335,False,0.4276737677670616,0.3792720285918662,0.04840173917519541,1.8003826426157545,1
2022-08-18,2022Q2,140,0.9461105985760496,0.169431,False,0.4148457750749479,0.3727968216400568,0.04204895343489112,1.6555800157722749,1
2022-08-19,2022Q2,140,0.9461105985760496,0.174945,False,0.4206842119284436,0.3808633761468388,0.03982083578160478,1.5684931806435314,1
2022-08-22,2022Q2,140,0.9461105985760496,0.208741,False,0.4896754731746424,0.4034370793723527,0.0862383938022897,1.9955082133498798,1
2022-08-23,2022Q2,140,0.9461105985760496,0.208997,False,0.4980189632541674,0.399669900531671,0.09834906272249638,2.0220002114845217,1
2022-08-24,2022Q2,140,0.9461105985760496,0.2027285,False,0.4849296971951643,0.3995200981671179,0.0854095990280464,1.7977979860073487,1
2022-08-25,2022Q2,140,0.9461105985760496,0.1931775,False,0.4857285076978939,0.4101799896197776,0.0755485180781163,1.624469853231492,1
2022-08-26,2022Q2,140,0.9461105985760496,0.220255,False,0.5173098341862589,0.4716693555611371,0.04564047862512177,1.274863274973462,1
2022-08-29,2022Q2,116,0.8799233788067028,0.2294485,False,0.5216034393796339,0.4799497790169414,0.041653660362692524,1.1929325508064457,1
2022-08-30,2022Q2,116,0.8799233788067028,0.233573,False,0.5270485385961593,0.4596882299871245,0.0673603086090348,1.3969348133467274,1
2022-08-31,2022Q2,116,0.8799233788067028,0.2344405,False,0.5275966394397834,0.4710881012010355,0.05650853823874791,1.2447127015612995,1
2022-09-01,2022Q2,116,0.8799233788067028,0.226455,False,0.4936706776882039,0.4729738300788645,0.020696847609339375,0.8636636825237024,1
2022-09-02,2022Q2,116,0.8799233788067028,0.2259215,False,0.4833071757716798,0.482659111825188,0.0006480639464918059,0.6453217671713597,1
2022-09-06,2022Q2,116,0.8799233788067028,0.23975,False,0.5078674312910699,0.4859665998546766,0.02190083143639332,0.8294365294305991,1
2022-09-07,2022Q2,116,0.8799233788067028,0.2231215,False,0.4972162101804968,0.5013694929496346,-0.004153282769137845,0.5548447305149141,1
2022-09-08,2022Q2,117,0.882403924327425,0.213467,False,0.4770001581147649,0.4752155489022661,0.0017846092124988444,0.5970954718091682,1
2022-09-09,2022Q2,117,0.882403924327425,0.201679,False,0.4815776003232767,0.4975909221093998,-0.016013321786123136,0.4084030421224913,1
2022-09-12,2022Q2,140,0.9461105985760496,0.2137494999999999,False,0.528440267427903,0.5233028013484751,0.005137466079427888,0.597493283349134,1
2022-09-13,2022Q2,140,0.9461105985760496,0.2349925,False,0.515338819727308,0.6127186326377636,-0.09737981291045561,-0.4015014993045189,0
2022-09-14,2022Q2,140,0.9461105985760496,0.238016,False,0.5454005500719744,0.6075914343956806,-0.06219088432370623,-0.06592270575388696,0
2022-09-15,2022Q2,140,0.9461105985760496,0.24321,False,0.5562971836072352,0.5971403822029381,-0.040843198595702845,0.13361577152662593,0
2022-09-16,2022Q2,140,0.9461105985760496,0.2378495,False,0.5148001952186797,0.6009847903766915,-0.0861845951580118,-0.31245484129162493,0
2022-09-19,2022Q2,140,0.9461105985760496,0.2401175,False,0.5386872596906966,0.6084759283394914,-0.06978866864879474,-0.15704746879975057,0
2022-09-20,2022Q2,140,0.9461105985760496,0.2543685,False,0.5580453867572666,0.6084597552955346,-0.050414368538268084,0.017226305365793695,0
2022-09-21,2022Q2,140,0.9461105985760496,0.266537,False,0.5856794670489768,0.6220340446213433,-0.03635457757236649,0.1290080092873311,0
2022-09-22,2022Q2,140,0.9461105985760496,0.257353,False,0.5504553729258079,0.5908893681582239,-0.040433995232415976,0.061993757841691144,0
2022-09-23,2022Q2,140,0.9461105985760496,0.2667495,False,0.5289272908905865,0.5953826303617012,-0.0664553394711147,-0.23587029464911788,0
2022-09-26,2022Q2,140,0.9461105985760496,0.288244,False,0.5211119457717021,0.5719925063290617,-0.05088056055735968,-0.1024147051237645,0
2022-09-27,2022Q2,140,0.9461105985760496,0.2924504999999999,False,0.5257712060389366,0.5648157696943298,-0.039044563655393216,0.002696648886104644,0
2022-09-28,2022Q2,140,0.9461105985760496,0.2726039999999999,False,0.4979512960526178,0.5810391593938335,-0.08308786334121576,-0.5021110624779324,0
2022-09-29,2022Q2,140,0.9461105985760496,0.28412,False,0.4906154084580201,0.5857389733676677,-0.09512356490964757,-0.6553931715497304,0
2022-09-30,2022Q2,140,0.9461105985760496,0.2799549999999999,False,0.47973532460567,0.5869205718430042,-0.10718524723733419,-0.813061741181231,0
2022-10-03,2022Q3,116,0.8833705379818028,0.267881,False,0.4621465050462507,0.5945696325003392,-0.13242312745408852,-1.1479220753823671,0
2022-10-04,2022Q3,116,0.8833705379818028,0.2561475,False,0.4571294940857866,0.6189269323722932,-0.1617974382865066,-1.4942238038607616,0
2022-10-05,2022Q3,116,0.8833705379818028,0.259173,False,0.4543772940358856,0.6215475373236203,-0.16717024328773472,-1.5470619559752574,0
2022-10-06,2022Q3,116,0.8833705379818028,0.274366,False,0.4753338734776958,0.6167147542085917,-0.14138088073089589,-1.241424956332026,0
2022-10-07,2022Q3,116,0.8833705379818028,0.2747195,False,0.4369604108243682,0.6213956042058569,-0.18443519338148873,-1.7120923833088084,0
2022-10-10,2022Q3,140,0.9476918537747558,0.2925999999999999,False,0.4913113289605396,0.5913262997744768,-0.10001497081393723,-0.7781688766793309,0
2022-10-11,2022Q3,140,0.9476918537747558,0.3003245,False,0.4961967193949183,0.5856124782057297,-0.08941575881081143,-0.6751169173245731,0
2022-10-12,2022Q3,140,0.9476918537747558,0.307918,False,0.5080588868629521,0.5798246148573498,-0.07176572799439773,-0.4946819957089224,0
2022-10-13,2022Q3,140,0.9476918537747558,0.2985045,False,0.5119465475120931,0.5979572633127989,-0.08601071580070574,-0.7015825549446384,0
2022-10-14,2022Q3,140,0.9476918537747558,0.2897349999999999,False,0.463960617110273,0.608986301008416,-0.14502568389814302,-1.477059559971973,0
2022-10-17,2022Q3,140,0.9476918537747558,0.287308,False,0.5006475519850953,0.6257476538213281,-0.12510010183623288,-1.2797972560884,0
2022-10-18,2022Q3,140,0.9476918537747558,0.2813124999999999,False,0.4911828278032798,0.627609776929079,-0.13642694912579922,-1.4749562081801497,0
2022-10-19,2022Q3,140,0.9476918537747558,0.286167,False,0.5017307728541817,0.6122042679919306,-0.11047349513774896,-1.1385776675697914,0
2022-10-20,2022Q3,140,0.9476918537747558,0.2826795,False,0.510909775812393,0.6066199950530149,-0.09571021924062184,-0.9202734669467881,0
2022-10-21,2022Q3,140,0.9476918537747558,0.274548,False,0.5073973640729708,0.6130201027922663,-0.1056227387192955,-1.0327386622848174,0
2022-10-24,2022Q3,140,0.9476918537747558,0.2793445,False,0.5447081525474953,0.6129271680818881,-0.0682190155343928,-0.5224720247663172,0
2022-10-25,2022Q3,140,0.9476918537747558,0.2679045,False,0.5330562286552111,0.5701544075665704,-0.03709817891135936,-0.09762093573049847,0
2022-10-26,2022Q3,140,0.9476918537747558,0.2564895,False,0.5142607074077975,0.5354195397569097,-0.0211588323491122,0.1273900283220858,0
2022-10-27,2022Q3,140,0.9476918537747558,0.2548875,False,0.4842497580890055,0.5325600382925525,-0.048310280203546996,-0.2212407139633799,0
2022-10-28,2022Q3,140,0.9476918537747558,0.2404905,False,0.5388606951049484,0.5208597188709991,0.01800097623394925,0.6725413778548859,0
2022-10-31,2022Q3,115,0.8810837324599314,0.241872,False,0.5195559186445053,0.521829708733145,-0.0022737900886397044,0.39928655738804486,0
2022-11-01,2022Q3,115,0.8810837324599314,0.242249,False,0.5219854002025913,0.5162215421107788,0.005763858091812568,0.5215744749154413,0
2022-11-02,2022Q3,115,0.8810837324599314,0.2465155,False,0.5228225177703615,0.5252200923744912,-0.002397574604129704,0.43036845981518423,0
2022-11-03,2022Q3,115,0.8810837324599314,0.2424115,False,0.5019214527050125,0.5267609242106436,-0.02483947150563104,0.13969241945859145,0
2022-11-04,2022Q3,115,0.8810837324599314,0.229554,False,0.4693894996758628,0.5182902453206081,-0.04890074564474528,-0.17617054286767922,0
2022-11-07,2022Q3,140,0.9476918537747558,0.230418,False,0.4676190156982396,0.5138341657982767,-0.04621515010003707,-0.12239673337594771,0
2022-11-08,2022Q3,140,0.9476918537747558,0.236065,False,0.4853365497064206,0.5156709804821474,-0.03033443077572684,0.12131283037041654,0
2022-11-09,2022Q3,140,0.9476918537747558,0.2440129999999999,False,0.4799101263191849,0.5237903330551843,-0.043880206735999405,-0.053499424707061226,0
2022-11-10,2022Q3,140,0.9476918537747558,0.2189125,False,0.4590291010433819,0.5703494191784372,-0.11132031813505527,-0.9967302587032609,0
2022-11-11,2022Q3,140,0.9476918537747558,0.198772,False,0.3931202987132073,0.5482662204101011,-0.15514592169689378,-1.5734440590524317,0
2022-11-14,2022Q3,140,0.9476918537747558,0.2238955,False,0.4497765048389884,0.5493383813852709,-0.09956187654628251,-0.7440518599001569,0
2022-11-15,2022Q3,140,0.9476918537747558,0.2230895,False,0.4518266792129317,0.5281488480382458,-0.07632216882531412,-0.3785723449499598,0
2022-11-16,2022Q3,140,0.9476918537747558,0.2240065,False,0.4609120191088482,0.5269895539319236,-0.06607753482307538,-0.1916658386798233,0
2022-11-17,2022Q3,140,0.9476918537747558,0.222857,False,0.4658252167382885,0.5261009666022303,-0.0602757498639418,-0.06482286463701063,0
2022-11-18,2022Q3,140,0.9476918537747558,0.2168365,False,0.4667665282695349,0.5023364407418008,-0.03556991247226593,0.3873894724330897,0
2022-11-21,2022Q3,140,0.9476918537747558,0.208706,False,0.4282514771067632,0.4996152495577044,-0.07136377245094122,-0.19773981178121794,0
2022-11-22,2022Q3,140,0.9476918537747558,0.1984955,False,0.4289028783450733,0.5030604183751065,-0.07415754003003322,-0.21901127223104494,0
2022-11-23,2022Q3,140,0.9476918537747558,0.187746,False,0.4058848020818323,0.5008960410586505,-0.09501123897681818,-0.5740003950326563,0
2022-11-25,2022Q3,140,0.9476918537747558,0.189185,False,0.4017686036477446,0.4921191771730422,-0.09035057352529763,-0.45977396008121285,0
2022-11-28,2022Q3,115,0.8810837324599314,0.2044484999999999,False,0.4251460695341817,0.4839888718829614,-0.0588428023487797,0.19806530571604858,0
2022-11-29,2022Q3,115,0.8810837324599314,0.204209,False,0.4223748563707688,0.4696854958545793,-0.04731063948381048,0.456922433856969,0
2022-11-30,2022Q3,115,0.8810837324599314,0.189869,False,0.4259397722050402,0.4979454465719086,-0.07200567436686839,-0.02346974249005492,0
2022-12-01,2022Q3,115,0.8810837324599314,0.185583,False,0.4059700545086979,0.5016075903509786,-0.09563753584228069,-0.5046209350825163,0
2022-12-02,2022Q3,115,0.8810837324599314,0.1764264999999999,False,0.3941296626145488,0.5088091645729212,-0.11467950195837245,-0.8907414950928041,0
2022-12-05,2022Q3,115,0.8810837324599314,0.192793,False,0.4053897773167839,0.508936171015228,-0.10354639369844415,-0.6193699986234135,0
2022-12-06,2022Q3,115,0.8810837324599314,0.208352,False,0.4283917293674574,0.515869386645336,-0.0874776572778786,-0.23228111377571561,0
2022-12-07,2022Q3,115,0.8810837324599314,0.214262,False,0.4409981118534979,0.5121304497414249,-0.07113233788792694,0.1337939944694536,0
2022-12-08,2022Q3,115,0.8810837324599314,0.2066925,False,0.4321826968160618,0.5369517378400464,-0.10476904102398454,-0.623261056993544,0
2022-12-09,2022Q3,115,0.8810837324599314,0.2103965,False,0.450189236785158,0.541641782273633,-0.09145254548847503,-0.29945437746394865,0
2022-12-12,2022Q3,140,0.9476918537747558,0.23359,False,0.5136815694873843,0.5506071527793762,-0.036925583291991915,0.9346925689162007,0
2022-12-13,2022Q3,140,0.9476918537747558,0.2100139999999999,False,0.4632351896042116,0.5437294610018648,-0.0804942713976532,-0.060654398056798745,0
2022-12-14,2022Q3,140,0.9476918537747558,0.1978935,False,0.4298804903961383,0.5493678553249737,-0.11948736492883538,-0.9252155525978365,0
2022-12-15,2022Q3,140,0.9476918537747558,0.2081015,False,0.4345262155381303,0.546029054094213,-0.11150283855608267,-0.7168446606383666,0
2022-12-16,2022Q3,140,0.9476918537747558,0.209739,False,0.4449312329035891,0.5608767530994445,-0.11594552019585541,-0.791327062955415,0
2022-12-19,2022Q3,140,0.9476918537747558,0.207275,False,0.4388294501573609,0.5678488335030675,-0.12901938334570656,-1.0585567286625575,0
2022-12-20,2022Q3,140,0.9476918537747558,0.201892,False,0.4161717283263091,0.5669024589676432,-0.15073073064133413,-1.4926158983984115,0
2022-12-21,2022Q3,140,0.9476918537747558,0.1902785,False,0.4046300361417919,0.5747289101224544,-0.17009887398066253,-1.8390462547396829,0
2022-12-22,2022Q3,140,0.9476918537747558,0.2060525,False,0.4087453352785395,0.5668283990328331,-0.1580830637542936,-1.5166361375750104,0
2022-12-23,2022Q3,140,0.9476918537747558,0.1980925,False,0.4054091323548735,0.4506293314866093,-0.04522019913173575,0.8899335743577105,0
2022-12-27,2022Q3,140,0.9476918537747558,0.207233,False,0.3607119734312972,0.4666119195151281,-0.10589994608383091,-0.40863812886216067,0
2022-12-28,2022Q3,140,0.9476918537747558,0.213075,False,0.3622741686390445,0.4702649875784565,-0.10799081893941198,-0.4650589254447357,0
2022-12-29,2022Q3,140,0.9476918537747558,0.2036724999999999,False,0.3632725223854802,0.4966980631841317,-0.1334255407986515,-1.0372489715502065,0
2022-12-30,2022Q3,140,0.9476918537747558,0.2032355,False,0.3549270344602616,0.503060332728896,-0.14813329826863447,-1.3806693787369857,0
2023-01-03,2022Q4,116,0.875963571822805,0.2198095,False,0.3747877503178265,0.5120712317472172,-0.13728348142939073,-1.1446966722034684,0
2023-01-04,2022Q4,115,0.8723789084768508,0.212145,False,0.3593328015685489,0.4949720423838421,-0.13563924081529322,-1.1620944515575449,0
2023-01-05,2022Q4,116,0.875963571822805,0.2180305,False,0.3715456123053562,0.4981636605946976,-0.12661804828934137,-0.9398401218409992,0
2023-01-06,2022Q4,116,0.875963571822805,0.2011089999999999,False,0.3465835836500403,0.5069893047790441,-0.1604057211290038,-1.639827187301991,0
2023-01-09,2022Q4,140,0.9463063272056548,0.2054475,False,0.3685421851792382,0.4901110853508653,-0.12156890017162708,-0.7583924687782421,0
2023-01-10,2022Q4,140,0.9463063272056548,0.1949815,False,0.3385790764206117,0.4914242400069686,-0.1528451635863569,-1.3993270213025302,0
2023-01-11,2022Q4,140,0.9463063272056548,0.1985975,False,0.3513343310278801,0.4846989960777572,-0.1333646650498771,-0.9859365136498252,0
2023-01-12,2022Q4,140,0.9463063272056548,0.1753575,False,0.2949210484327275,0.4845903709430634,-0.1896693225103359,-2.114674794446345,0
2023-01-13,2022Q4,140,0.9463063272056548,0.164412,False,0.2872607939833303,0.428717392146805,-0.14145659816347467,-1.0963345720232986,0
2023-01-17,2022Q4,140,0.9463063272056548,0.177346,False,0.3183761651386507,0.4252736126075668,-0.1068974474689161,-0.3719271741486305,0
2023-01-18,2022Q4,140,0.9463063272056548,0.1876485,False,0.3444353232745883,0.4364659108361705,-0.09203058756158217,-0.06080958796396572,0
2023-01-19,2022Q4,140,0.9463063272056548,0.1912695,False,0.3458608950955247,0.4168385128391173,-0.07097761774359262,0.36946959985110406,0
2023-01-20,2022Q4,140,0.9463063272056548,0.1820554999999999,False,0.3465141078753876,0.425162303637297,-0.0786481957619094,0.21218582209505166,0
2023-01-23,2022Q4,140,0.9463063272056548,0.175591,False,0.3344014331049667,0.4286829777898449,-0.09428154468487815,-0.0976613598911305,0
2023-01-24,2022Q4,140,0.9463063272056548,0.173654,False,0.3290983186350216,0.4227996914681319,-0.09370137283311031,-0.06075182222856515,0
2023-01-25,2022Q4,140,0.9463063272056548,0.17264,False,0.3349067979634689,0.4133682125311225,-0.0784614145676536,0.2820072758862381,0
2023-01-26,2022Q4,140,0.9463063272056548,0.16935,False,0.3461544704523069,0.4029419045925411,-0.05678743414023418,0.8182621194230171,0
2023-01-27,2022Q4,140,0.9463063272056548,0.1664775,False,0.3328408820243531,0.3956039514161866,-0.06276306939183351,0.7288936104206863,0
2023-01-30,2022Q4,115,0.8738873087867236,0.181176,False,0.3500239270437605,0.4094017129542089,-0.0593777859104484,0.8712685337525875,0
2023-01-31,2022Q4,115,0.8738873087867236,0.1722515,False,0.3383483436812995,0.376947357145769,-0.03859901346446948,1.4386291615543096,1
2023-02-01,2022Q4,115,0.8738873087867236,0.160346,False,0.3172213020778369,0.3661148911724045,-0.04889358909456759,1.2064872642304425,1
2023-02-02,2022Q4,115,0.8738873087867236,0.1580355,False,0.2758144578306638,0.3351762675591908,-0.059361809728527004,0.9460439761517716,1
2023-02-03,2022Q4,115,0.8738873087867236,0.1618735,False,0.3364994127327724,0.3304410664088902,0.006058346323882191,2.5067928632311496,1
2023-02-06,2022Q4,140,0.9463063272056548,0.1734155,False,0.3804728998929376,0.319636972431626,0.06083592746131161,3.4820684886362656,1
2023-02-07,2022Q4,140,0.9463063272056548,0.1656725,False,0.3573726124593238,0.3037329735085508,0.053639638950773005,3.0427971281878152,1
2023-02-08,2022Q4,140,0.9463063272056548,0.176617,False,0.3808005001193012,0.3095015315256156,0.07129896859368562,3.0689175706628915,1
2023-02-09,2022Q4,140,0.9463063272056548,0.188056,False,0.4079658222537651,0.3167140943772907,0.0912517278764744,3.120281982119509,1
2023-02-10,2022Q4,140,0.9463063272056548,0.1871595,False,0.4236084575652698,0.2972112450550417,0.12639721251022812,3.312649402457379,1
2023-02-13,2022Q4,140,0.9463063272056548,0.1825025,False,0.3920145907024034,0.2845618068394957,0.10745278386290769,2.7600073262760736,1
2023-02-14,2022Q4,140,0.9463063272056548,0.1663645,False,0.3576122053164119,0.2812967506755002,0.07631545464091172,2.1681211154569175,1
2023-02-15,2022Q4,140,0.9463063272056548,0.1605515,False,0.3499464983166875,0.2879950269921313,0.061951471324556195,1.875210442489061,1
2023-02-16,2022Q4,140,0.9463063272056548,0.1751205,False,0.3975923950832024,0.3172004877774528,0.08039190730574958,2.032298800391082,1
2023-02-17,2022Q4,140,0.9463063272056548,0.172842,False,0.4067986517749697,0.3011635049408634,0.1056351468341063,2.22845680991482,1
2023-02-21,2022Q4,140,0.9463063272056548,0.2067445,False,0.4948462360696869,0.3041447127191639,0.19070152335052304,2.997004957605773,1
2023-02-22,2022Q4,140,0.9463063272056548,0.2008455,False,0.4782045183502569,0.3135149601531289,0.164689558197128,2.497191936853398,1
2023-02-23,2022Q4,140,0.9463063272056548,0.1905215,False,0.4645801989279529,0.3093305439126133,0.1552496550153396,2.2447093393880353,1
2023-02-24,2022Q4,140,0.9463063272056548,0.198705,False,0.4909500389234494,0.3087960859934792,0.18215395292997022,2.3651752555217,1
2023-02-27,2022Q4,115,0.8738873087867236,0.19072,False,0.4497066383511984,0.3178311233479797,0.1318755150032187,1.7763013087434363,1
2023-02-28,2022Q4,115,0.8738873087867236,0.189669,False,0.4570876468185409,0.3184203284057785,0.13866731841276242,1.7603820546756428,1
2023-03-01,2022Q4,115,0.8738873087867236,0.1937345,False,0.4685329101093062,0.3221630911725664,0.14636981893673978,1.7509208533050158,1
2023-03-02,2022Q4,115,0.8738873087867236,0.186109,False,0.4607080290002628,0.30521333724048,0.1554946917597828,1.7530054216644746,1
2023-03-03,2022Q4,115,0.8738873087867236,0.171987,False,0.4396445852691871,0.320390871557253,0.1192537137119341,1.3703925945117914,1
2023-03-06,2022Q4,115,0.8738873087867236,0.1719105,False,0.4342430916630524,0.2935803390082665,0.1406627526547859,1.5019296447724484,1
2023-03-07,2022Q4,115,0.8738873087867236,0.183901,False,0.4664607029603507,0.304807480183097,0.1616532227772537,1.6174114999225404,1
2023-03-08,2022Q4,115,0.8738873087867236,0.1773635,False,0.4361730253142466,0.3058957087259896,0.13027731658825703,1.2982408823150848,1
2023-03-09,2022Q4,115,0.8738873087867236,0.208413,False,0.5053443371608107,0.3250776294967509,0.18026670766405983,1.652221577330006,1
2023-03-10,2022Q4,115,0.8738873087867236,0.221912,False,0.4958633056859386,0.3234646206979102,0.1723986849880284,1.5258618497304501,1
2023-03-13,2022Q4,140,0.9463063272056548,0.238628,False,0.53397203637677,0.3200786054114746,0.21389343096529545,1.7803919761760525,1
2023-03-14,2022Q4,140,0.9463063272056548,0.2097855,False,0.4843864699129727,0.33614272319819,0.1482437467147827,1.2118619181737487,1
2023-03-15,2022Q4,140,0.9463063272056548,0.2241535,False,0.4748421525500683,0.3081438778823544,0.16669827466771386,1.3103971137898263,1
2023-03-16,2022Q4,140,0.9463063272056548,0.1999485,False,0.4553708940544367,0.3251480776643574,0.13022281639007932,0.989122814705591,1
2023-03-17,2022Q4,140,0.9463063272056548,0.224846,False,0.4956694378752342,0.3443410306479327,0.1513284072273015,1.1172542999814967,1
2023-03-20,2022Q4,140,0.9463063272056548,0.209707,False,0.4760023287277026,0.3576538430500845,0.11834848567761808,0.8289360785031806,1
2023-03-21,2022Q4,140,0.9463063272056548,0.190084,False,0.4426960904742638,0.3661695752658422,0.07652651520842157,0.4724216146983858,1
2023-03-22,2022Q4,140,0.9463063272056548,0.2022255,False,0.4649870862288345,0.3738878454457669,0.09109924078306758,0.564848901958162,1
2023-03-23,2022Q4,140,0.9463063272056548,0.2021445,False,0.440891394741473,0.3728721762118958,0.06801921852957721,0.36095112800295603,1
2023-03-24,2022Q4,140,0.9463063272056548,0.1939145,False,0.4172869777715988,0.3719261873565887,0.045360790415010066,0.15596507014379613,1
2023-03-27,2022Q4,140,0.9463063272056548,0.18635,False,0.3690863312058923,0.3695523961647636,-0.00046606495887130395,-0.24080184287055792,0
2023-03-28,2022Q4,140,0.9463063272056548,0.1828405,False,0.3626094493878173,0.358150845888349,0.0044586034994683055,-0.2222699121930246,0
2023-03-29,2022Q4,140,0.9463063272056548,0.171854,False,0.3490240839308909,0.3756404231096889,-0.02661633917879802,-0.5127004588448565,0
2023-03-30,2022Q4,140,0.9463063272056548,0.16605,False,0.3272773735283108,0.3824724718887954,-0.055195098360484585,-0.7824373706794252,0
2023-03-31,2022Q4,140,0.9463063272056548,0.1625444999999999,False,0.3378454204749899,0.3848161203314884,-0.04697069985649849,-0.7340382144457733,0
2023-04-03,2023Q1,112,0.8672008871413337,0.1663105,False,0.2973620111428715,0.3927524563885022,-0.09539044524563073,-1.1769739142261466,0
2023-04-04,2023Q1,112,0.8672008871413337,0.169729,False,0.2954238460817801,0.3622074827143066,-0.06678363663252651,-0.9531360832030671,0
2023-04-05,2023Q1,112,0.8672008871413337,0.1704594999999999,False,0.2905437446783914,0.3508761228284586,-0.0603323781500672,-0.9138001377515748,0
2023-04-06,2023Q1,112,0.8672008871413337,0.164293,False,0.2748263270805261,0.3606970041083701,-0.08587067702784396,-1.1782604603827658,0
2023-04-10,2023Q1,141,0.9449036307646984,0.168153,False,0.2874931907102908,0.3484894962408032,-0.06099630553051244,-0.9707035008617364,0
2023-04-11,2023Q1,141,0.9449036307646984,0.169773,False,0.2989312510562453,0.3476022789627273,-0.04867102790648198,-0.9080092004239707,0
2023-04-12,2023Q1,141,0.9449036307646984,0.169743,False,0.2978334159921049,0.3497027503289784,-0.05186933433687352,-0.9748770019967321,0
2023-04-13,2023Q1,141,0.9449036307646984,0.155668,False,0.2669260431803018,0.3592701079800678,-0.09234406479976603,-1.3907504839042633,0
2023-04-14,2023Q1,140,0.9423065896663352,0.149049,False,0.2553461724076699,0.3592836359886944,-0.10393746358102451,-1.5017058662980978,0
2023-04-17,2023Q1,140,0.9423065896663352,0.145289,False,0.2523080272624039,0.3405706984826023,-0.08826267122019837,-1.3355884792272805,0
2023-04-18,2023Q1,140,0.9423065896663352,0.142094,False,0.2486255910563611,0.3424396640824433,-0.09381407302608222,-1.3841942513033467,0
2023-04-19,2023Q1,140,0.9423065896663352,0.141172,False,0.2509746684759275,0.3115542309676906,-0.060579562491763106,-1.064118377787248,0
2023-04-20,2023Q1,140,0.9423065896663352,0.1478364999999999,False,0.267814194800791,0.3128001079262047,-0.04498591312541372,-0.9238305351619069,0
2023-04-21,2023Q1,141,0.9449036307646984,0.1430885,False,0.267173454908942,0.2763666880228838,-0.009193233113941768,-0.5770695905672636,0
2023-04-24,2023Q1,141,0.9449036307646984,0.1426965,False,0.2628567890475717,0.2573057842697336,0.005551004777838098,-0.4393963828622658,0
2023-04-25,2023Q1,141,0.9449036307646984,0.1706349999999999,False,0.3318253359548159,0.2934228676859177,0.038402468268898204,-0.11677670597434138,0
2023-04-26,2023Q1,141,0.9449036307646984,0.1678974999999999,False,0.3356120504441642,0.2462232736740432,0.089388776770121,0.39717832148490984,0
2023-04-27,2023Q1,141,0.9449036307646984,0.1436385,False,0.2767371550503907,0.2739115294064643,0.0028256256439264105,-0.532410894938133,0
2023-04-28,2023Q1,141,0.9449036307646984,0.131871,False,0.2727977668784583,0.2497151241642478,0.02308264271421051,-0.33196008967582685,0
2023-05-01,2023Q1,111,0.8646582941593877,0.134613,False,0.2715157556713366,0.2437583845964469,0.027757371074889736,-0.3008784086365692,0
2023-05-02,2023Q1,111,0.8646582941593877,0.1514455,False,0.3106563261068145,0.2586166821280477,0.05203964397876676,-0.04438874816584544,0
2023-05-03,2023Q1,111,0.8646582941593877,0.1608895,False,0.3374170681669058,0.2480231223963111,0.0893939457705947,0.3586276846884065,0
2023-05-04,2023Q1,111,0.8646582941593877,0.1729715,False,0.3474227439218996,0.2287390898385028,0.11868365408339679,0.6642947246561186,0
2023-05-05,2023Q1,111,0.8646582941593877,0.142149,False,0.3104576108526826,0.2636514456802521,0.04680616517243047,-0.11368761986316044,0
2023-05-08,2023Q1,141,0.9449036307646984,0.1431905,False,0.3116195415192084,0.262229551759842,0.049389989759366426,-0.07805219806237575,0
2023-05-09,2023Q1,141,0.9449036307646984,0.1502595,False,0.3359405238205161,0.2714717059770057,0.06446881784351038,0.09801721422668219,0
2023-05-10,2023Q1,141,0.9449036307646984,0.139797,False,0.3088599798776988,0.2687470724890969,0.040112907388601904,-0.15685373062853522,0
2023-05-11,2023Q1,141,0.9449036307646984,0.13863,False,0.3013768917537494,0.2497766042423314,0.051600287511417986,-0.02620218434989914,0
2023-05-12,2023Q1,141,0.9449036307646984,0.135968,False,0.3000608485426315,0.2477047788419388,0.052356069700692676,-0.016143020368765384,0
2023-05-15,2023Q1,141,0.9449036307646984,0.137442,False,0.2932717869399546,0.2258488280829592,0.0674229588569954,0.15185272981504228,0
2023-05-16,2023Q1,141,0.9449036307646984,0.148279,False,0.3324047591683156,0.2320489182911134,0.10035584087720217,0.5151221643269542,0
2023-05-17,2023Q1,141,0.9449036307646984,0.13452,False,0.3003635321897722,0.2432343144821591,0.05712921770761309,0.06546377898727535,0
2023-05-18,2023Q1,141,0.9449036307646984,0.127975,False,0.2806052320611055,0.2556148556572257,0.0249903764038798,-0.2726898374094189,0
2023-05-19,2023Q1,141,0.9449036307646984,0.1337539999999999,False,0.307256594021985,0.2561465897820006,0.05111000423998441,0.04468219236069888,0
2023-05-22,2023Q1,141,0.9449036307646984,0.1360825,False,0.3127429160282436,0.2526289417343847,0.060113974293858896,0.17547565908497229,0
2023-05-23,2023Q1,141,0.9449036307646984,0.148681,False,0.3373323574949665,0.262399540191095,0.07493281730387147,0.36382408684409057,0
2023-05-24,2023Q1,141,0.9449036307646984,0.162796,False,0.3720385159394262,0.2636913156625491,0.10834720027687711,0.7704421714003538,0
2023-05-25,2023Q1,141,0.9449036307646984,0.150613,False,0.3128842322450307,0.221132835244789,0.09175139700024171,0.5892930314650188,0
2023-05-26,2023Q1,141,0.9449036307646984,0.139297,False,0.2726897601742549,0.2373576976306696,0.035332062543585285,-0.06729969421875569,0
2023-05-30,2023Q1,112,0.8665442334397802,0.1396115,False,0.2505626430434735,0.2382838002813641,0.012278842762109388,-0.330008728548422,0
2023-05-31,2023Q1,112,0.8665442334397802,0.1384929999999999,False,0.2464653467057809,0.2388131835389345,0.007652163166846415,-0.3642676971107299,0
2023-06-01,2023Q1,112,0.8665442334397802,0.1242545,False,0.2188006224431415,0.2490585066077508,-0.03025788416460931,-0.8102351121022154,0
2023-06-02,2023Q1,112,0.8665442334397802,0.1165705,False,0.2150424596408326,0.2532312161164879,-0.03818875647565531,-0.8808122954790156,0
2023-06-05,2023Q1,112,0.8665442334397802,0.11928,False,0.2373470457298878,0.2563820332315265,-0.019034987501638678,-0.611521672632098,0
2023-06-06,2023Q1,112,0.8665442334397802,0.112903,False,0.2288730212232634,0.2547816207752677,-0.025908599552004336,-0.6773084817792753,0
2023-06-07,2023Q1,112,0.8665442334397802,0.1120319999999999,False,0.213503283445278,0.2245653225076162,-0.011062039062338214,-0.4515446165449377,0
2023-06-08,2023Q1,112,0.8665442334397802,0.1077205,False,0.2022053165601272,0.2480282048479392,-0.045822888287812,-0.9237613856446267,0
2023-06-09,2023Q1,112,0.8665442334397802,0.1069485,False,0.2000997195785005,0.2298523270821204,-0.029752607503619882,-0.6659628050605413,0
2023-06-12,2023Q1,141,0.9449036307646984,0.1172739999999999,False,0.2363512996337939,0.2328336740460914,0.0035176255877024942,-0.1302128542314745,0
2023-06-13,2023Q1,140,0.9420211395488768,0.115416,False,0.2386947063627955,0.2369529595339874,0.001741746828808094,-0.12418199032461867,0
2023-06-14,2023Q1,141,0.9449036307646984,0.111995,False,0.2149079705686548,0.2145651744857022,0.00034279608295259556,-0.11816422655104793,0
2023-06-15,2023Q1,141,0.9449036307646984,0.116572,False,0.2352149291366359,0.215201190679658,0.020013738456977875,0.23118776263990992,0
2023-06-16,2023Q1,141,0.9449036307646984,0.112149,False,0.231243580262471,0.2122073867758606,0.019036193486610398,0.23919165179124274,0
2023-06-20,2023Q1,141,0.9449036307646984,0.118837,False,0.2342064685900492,0.1879336014660876,0.046272867123961614,0.7213153602452582,0
2023-06-21,2023Q1,141,0.9449036307646984,0.1126895,False,0.2192299621983663,0.1925160975875765,0.026713864610789784,0.387206029600276,0
2023-06-22,2023Q1,141,0.9449036307646984,0.107297,False,0.2054232007193577,0.1840549328199447,0.021368267899413013,0.2872696619807948,0
2023-06-23,2023Q1,141,0.9449036307646984,0.1098555,False,0.2165087736203505,0.1970366284906604,0.019472145129690116,0.24966086026047862,0
2023-06-26,2023Q1,141,0.9449036307646984,0.116955,False,0.1923372947979545,0.2005422367456091,-0.008204941947654587,-0.2391868471931966,0
2023-06-27,2023Q1,141,0.9449036307646984,0.11431,False,0.190218572218781,0.2043163064232355,-0.01409773420445451,-0.35731309684485,0
2023-06-28,2023Q1,141,0.9449036307646984,0.111544,False,0.1772468093597887,0.2046484562267483,-0.02740164686695959,-0.6004624634531289,0
2023-06-29,2023Q1,138,0.939158190827212,0.1108524999999999,False,0.1772185100447193,0.2024110635244567,-0.025192553479737395,-0.5972741096629647,0
2023-06-30,2023Q1,139,0.940252401353772,0.107394,False,0.1812998191627259,0.2028389388970023,-0.021539119734276413,-0.5519046300501392,0
2023-07-03,2023Q2,113,0.8700951553743901,0.1112065,False,0.1549799470619445,0.2136481278975729,-0.058668180835628386,-1.2375013063184859,0
2023-07-05,2023Q2,113,0.8700951553743901,0.1172725,False,0.1634529781218804,0.213733968099817,-0.05028098997793662,-1.1114186957971026,0
2023-07-06,2023Q2,113,0.8700951553743901,0.124141,False,0.1754470843042448,0.2284462525732299,-0.0529991682689851,-1.1685353825912763,0
2023-07-07,2023Q2,113,0.8700951553743901,0.120479,False,0.1648504762308263,0.218236334708816,-0.05338585847798971,-1.1723377105636226,0
2023-07-10,2023Q2,141,0.9427087535939168,0.123695,False,0.1784286985039533,0.2021303609241077,-0.023701662420154396,-0.629072860432521,0
2023-07-11,2023Q2,141,0.9427087535939168,0.1214845,False,0.1739653422005121,0.2292795779090296,-0.05531423570851751,-1.2627328945053857,0
2023-07-12,2023Q2,141,0.9427087535939168,0.1107245,False,0.1443970338304072,0.2151752576838012,-0.070778223853394,-1.6047259062245625,0
2023-07-13,2023Q2,141,0.9427087535939168,0.111122,False,0.1386504952665052,0.2204203993653028,-0.08176990409879761,-1.8307781336933424,0
2023-07-14,2023Q2,141,0.9427087535939168,0.109653,False,0.1336456626264195,0.2137555941748617,-0.0801099315484422,-1.8187141554620954,0
2023-07-17,2023Q2,141,0.9427087535939168,0.112442,False,0.1378888826400271,0.2027343885061557,-0.06484550586612858,-1.5095879617572343,0
2023-07-18,2023Q2,141,0.9427087535939168,0.112302,False,0.1326411290973505,0.1888135587764852,-0.05617242967913469,-1.327108607708924,0
2023-07-19,2023Q2,141,0.9427087535939168,0.114951,False,0.1359170890779062,0.1859228808410924,-0.0500057917631862,-1.178679608110836,0
2023-07-20,2023Q2,141,0.9427087535939168,0.1154385,False,0.1414762676098732,0.1826752147325702,-0.041198947122697005,-0.9825529120362994,0
2023-07-21,2023Q2,141,0.9427087535939168,0.1119435,False,0.1394916417859046,0.1787712119305835,-0.03927957014467892,-0.9159154818885807,0
2023-07-24,2023Q2,141,0.9427087535939168,0.1142565,False,0.1406318270102722,0.1739967057899589,-0.03336487877968672,-0.7746282279154928,0
2023-07-25,2023Q2,141,0.9427087535939168,0.115187,False,0.1423017461491184,0.1729679913205385,-0.03066624517142011,-0.7074938192658246,0
2023-07-26,2023Q2,141,0.9427087535939168,0.1084894999999999,False,0.1447108696864043,0.1534567435570505,-0.00874587387064621,-0.2677218967710088,0
2023-07-27,2023Q2,141,0.9427087535939168,0.1168645,False,0.1716008758405824,0.1540000436204221,0.01760083222016029,0.25232151650928847,0
2023-07-28,2023Q2,140,0.9404347331532948,0.109022,False,0.1623915158734306,0.1694563321116628,-0.007064816238232213,-0.2139056960352609,0
2023-07-31,2023Q2,114,0.8750318965894414,0.1137745,False,0.1629499207860051,0.1633840355776659,-0.0004341147916608057,-0.05463206728800206,0
2023-08-01,2023Q2,114,0.8750318965894414,0.1162074999999999,False,0.1695395931163659,0.1611267541959039,0.008412838920462018,0.1702897294011131,0
2023-08-02,2023Q2,114,0.8750318965894414,0.1319755,False,0.2043500993866644,0.193697868798955,0.010652230587709394,0.23272367991383341,0
2023-08-03,2023Q2,114,0.8750318965894414,0.1346945,False,0.2104071055334275,0.1854377486132057,0.024969356920221814,0.5530658316519579,0
2023-08-04,2023Q2,114,0.8750318965894414,0.138614,False,0.2534013629999697,0.1656762947601997,0.08772506823976997,1.876496776224628,1
2023-08-07,2023Q2,141,0.9427087535939168,0.1268709999999999,False,0.2357233729667482,0.153079624849547,0.08264374811720118,1.718711580522904,1
2023-08-08,2023Q2,141,0.9427087535939168,0.131267,False,0.2444682577206537,0.1442681109127725,0.1002001468078812,2.0153516156964892,1
2023-08-09,2023Q2,141,0.9427087535939168,0.1360015,False,0.2551769895353429,0.1421418971618042,0.1130350923735387,2.1822009451262607,1
2023-08-10,2023Q2,141,0.9427087535939168,0.1334584999999999,False,0.2580272623996113,0.1434753234516349,0.11455193894797641,2.138805050337164,1
2023-08-11,2023Q2,141,0.9427087535939168,0.127438,False,0.2481121800544116,0.1429873373037666,0.10512484275064501,1.9505671143666667,1
2023-08-14,2023Q2,141,0.9427087535939168,0.122996,False,0.2230362336014048,0.1286288834152389,0.09440735018616589,1.705302455729478,1
2023-08-15,2023Q2,141,0.9427087535939168,0.1364285,False,0.2585434756125797,0.1448135463679831,0.11372992924459657,1.9741524370573786,1
2023-08-16,2023Q2,141,0.9427087535939168,0.1424045,False,0.2766491409732223,0.1511842256059706,0.12546491536725168,2.094373546501734,1
2023-08-17,2023Q2,141,0.9427087535939168,0.1509325,False,0.3068705346840938,0.1490821770895695,0.1577883575945243,2.507382804917366,1
2023-08-18,2023Q2,141,0.9427087535939168,0.143197,False,0.2831338655127473,0.1476710159541485,0.13546284955859877,2.0598389829381847,1
2023-08-21,2023Q2,141,0.9427087535939168,0.1431885,False,0.2921616029917389,0.1548970837800869,0.13726451921165198,2.0512574323710115,1
2023-08-22,2023Q2,141,0.9427087535939168,0.1441865,False,0.2914438398057004,0.1525017688700317,0.13894207093566868,2.022045255442779,1
2023-08-23,2023Q2,141,0.9427087535939168,0.1335385,False,0.261016150656617,0.1606145357144987,0.10040161494211827,1.3772900024194412,1
2023-08-24,2023Q2,141,0.9427087535939168,0.145373,False,0.3186975991037279,0.1763071948885784,0.1423904042151495,1.9293374467996354,1
2023-08-25,2023Q2,141,0.9427087535939168,0.1319415,False,0.2987077372776318,0.1879174010653916,0.11079033621224019,1.4053882487130722,1
2023-08-28,2023Q2,115,0.8776315746692662,0.129295,False,0.2713406247468687,0.2030462300492163,0.06829439469765242,0.7542442796127782,1
2023-08-29,2023Q2,115,0.8776315746692662,0.121693,False,0.2590847439206455,0.231911072128139,0.027173671792506515,0.13364669070654459,1
2023-08-30,2023Q2,115,0.8776315746692662,0.1149735,False,0.2400095992861335,0.2369660444237541,0.003043554862379394,-0.22948314267536413,0
2023-08-31,2023Q2,115,0.8776315746692662,0.113172,False,0.2387477963004058,0.2464745861753925,-0.007726789874986706,-0.3947030733796895,0
2023-09-01,2023Q2,115,0.8776315746692662,0.107249,False,0.2301059505656176,0.2457468458395721,-0.015640895273954486,-0.5109726495842285,0
2023-09-05,2023Q2,115,0.8776315746692662,0.1180465,False,0.250050821955306,0.2402343262449256,0.009816495710380374,-0.14754923338229986,0
2023-09-06,2023Q2,115,0.8776315746692662,0.1220364999999999,False,0.2573935595997191,0.24557571309316,0.011817846506559093,-0.12853960855659807,0
2023-09-07,2023Q2,115,0.8776315746692662,0.124439,False,0.2561124105856801,0.2610492121485538,-0.004936801562873738,-0.3782833366903326,0
2023-09-08,2023Q2,115,0.8776315746692662,0.1183105,False,0.2513034620142634,0.2685131359637242,-0.017209673949460824,-0.556965135427641,0
2023-09-11,2023Q2,141,0.9427087535939168,0.1175315,False,0.2530253992686005,0.2536638816526508,-0.0006384823840502873,-0.3080067670753833,0
2023-09-12,2023Q2,141,0.9427087535939168,0.1217979999999999,False,0.2713292551478869,0.251189891131613,0.02013936401627392,0.0037589855307055124,0
2023-09-13,2023Q2,140,0.9400498894734995,0.1148535,False,0.2472090536467927,0.2513275464981757,-0.004118492851382993,-0.354086200194185,0
2023-09-14,2023Q2,141,0.9427087535939168,0.1050185,False,0.2225892203227316,0.2336094419662206,-0.011020221643489009,-0.4430942993109207,0
2023-09-15,2023Q2,141,0.9427087535939168,0.114814,False,0.2599158162833638,0.253270149094868,0.006645667188495796,-0.17332824116502868,0
2023-09-18,2023Q2,141,0.9427087535939168,0.1194525,False,0.2627112191404738,0.2763417131752036,-0.013630494034729823,-0.46752200175285924,0
2023-09-19,2023Q2,141,0.9427087535939168,0.121018,False,0.2619142531099853,0.2752879150914181,-0.013373661981432805,-0.4546845144053583,0
2023-09-20,2023Q2,141,0.9427087535939168,0.129701,False,0.2853991811347258,0.2964411297505226,-0.011041948615796826,-0.4190487296726989,0
2023-09-21,2023Q2,141,0.9427087535939168,0.148093,False,0.3240310721847403,0.3173356768553961,0.0066953953293442114,-0.1597587791760948,0
2023-09-22,2023Q2,141,0.9427087535939168,0.148802,False,0.3313677984709934,0.3153833716490734,0.015984426821920028,-0.031827344920793754,0
2023-09-25,2023Q2,141,0.9427087535939168,0.146399,False,0.2703418152948914,0.3217384173652363,-0.05139660207034491,-1.0306986784314671,0
2023-09-26,2023Q2,141,0.9427087535939168,0.1660675,False,0.3148946249054036,0.3402457931672068,-0.025351168261803225,-0.6406807130490498,0
2023-09-27,2023Q2,141,0.9427087535939168,0.1605725,False,0.294551264504948,0.3270748029996611,-0.03252353849471307,-0.7589132058418743,0
2023-09-28,2023Q2,141,0.9427087535939168,0.151569,False,0.2763946413772377,0.3253670726318296,-0.04897243125459194,-1.0064605456255429,0
2023-09-29,2023Q2,141,0.9427087535939168,0.1542965,False,0.2996143167481214,0.3216208127386787,-0.022006495990557318,-0.6134185599016394,0
2023-10-02,2023Q3,116,0.873562687362717,0.15893,False,0.2711900975559703,0.3114237724193389,-0.040233674863368596,-0.8952119112841006,0
2023-10-03,2023Q3,116,0.873562687362717,0.1771605,False,0.2935079070762561,0.3326015276797742,-0.039093620603518064,-0.8714191636922868,0
2023-10-04,2023Q3,116,0.873562687362717,0.1654405,False,0.2704955830214582,0.3374171404754933,-0.06692155745403511,-1.2846508489914366,0
2023-10-05,2023Q3,117,0.8797748700539932,0.1633494999999999,False,0.2600691780783589,0.31707762079026,-0.057008442711901086,-1.1437610046511437,0
2023-10-06,2023Q3,117,0.8797748700539932,0.1553574999999999,False,0.2506235689176352,0.3069982265433879,-0.05637465762575267,-1.150582085340223,0
2023-10-09,2023Q3,140,0.9384016699412202,0.154499,False,0.2560100805422576,0.3029425886612383,-0.0469325081189807,-1.0260848036274586,0
2023-10-10,2023Q3,140,0.9384016699412202,0.1469524999999999,False,0.2411043551845159,0.2986869746002248,-0.05758261941570891,-1.195151612734381,0
2023-10-11,2023Q3,140,0.9384016699412202,0.1392085,False,0.216785580283914,0.2628023026084951,-0.046016722324581066,-1.0218360196005967,0
2023-10-12,2023Q3,140,0.9384016699412202,0.1428289999999999,False,0.2240484657531692,0.2585096915845117,-0.03446122583134251,-0.8499314758987158,0
2023-10-13,2023Q3,140,0.9384016699412202,0.1587285,False,0.2551539105032603,0.2561509510695665,-0.0009970405663061732,-0.34146263342801475,0
2023-10-16,2023Q3,140,0.9384016699412202,0.146123,False,0.2357628966154475,0.2756505055004253,-0.039887608884977804,-0.9511447110453921,0
2023-10-17,2023Q3,140,0.9384016699412202,0.149888,False,0.2496647947519238,0.2774597816921018,-0.027794986940177985,-0.7638724437428136,0
2023-10-18,2023Q3,140,0.9384016699412202,0.1656885,False,0.2732924497854224,0.2856258088569354,-0.012333359071513006,-0.5276271581978728,0
2023-10-19,2023Q3,140,0.9384016699412202,0.177237,False,0.3075160671889758,0.2863641073252984,0.021151959863677405,-0.008017302639876406,0
2023-10-20,2023Q3,140,0.9384016699412202,0.183838,False,0.3200431584601248,0.2992686891004713,0.020774469359653547,-0.014810394009801001,0
2023-10-23,2023Q3,140,0.9384016699412202,0.1765789999999999,False,0.304683816049114,0.2904931903441431,0.014190625704970872,-0.12452046430043617,0
2023-10-24,2023Q3,140,0.9384016699412202,0.165008,False,0.2811291146939195,0.3033921882617823,-0.022263073567862834,-0.6929454913667132,0
2023-10-25,2023Q3,140,0.9384016699412202,0.1784339999999999,False,0.3177324596344475,0.2923838047630189,0.025348654871428622,0.053024170996787114,0
2023-10-26,2023Q3,140,0.9384016699412202,0.183963,False,0.3305829949623057,0.280197958688859,0.050385036273446704,0.43671771785886276,0
2023-10-27,2023Q3,140,0.9384016699412202,0.185948,False,0.3649868368423253,0.2551381840090103,0.10984865283331502,1.3299530475300885,1
2023-10-30,2023Q3,118,0.8817684259308866,0.1744705,False,0.3386831383568138,0.2757876237500017,0.06289551460681209,0.6116408658316524,1
2023-10-31,2023Q3,118,0.8817684259308866,0.159916,False,0.3060942892362496,0.2784106651758469,0.0276836240604027,0.0777234230556787,1
2023-11-01,2023Q3,118,0.8817684259308866,0.148578,False,0.2926509936562539,0.2864328312172811,0.00621816243897283,-0.23759416669706532,0
2023-11-02,2023Q3,118,0.8817684259308866,0.134517,False,0.2754410304860549,0.2936702045048839,-0.01822917401882901,-0.6007027854232154,0
2023-11-03,2023Q3,118,0.8817684259308866,0.1266769999999999,False,0.2726880032565809,0.2939617077454564,-0.0212737044888755,-0.6241867770610021,0
2023-11-06,2023Q3,140,0.9384016699412202,0.12749,False,0.2767580442537025,0.2895029770111921,-0.012744932757489613,-0.459381672248272,0
2023-11-07,2023Q3,140,0.9384016699412202,0.1266945,False,0.2755932189639241,0.2666344448562299,0.00895877410769419,-0.07410427445890576,0
2023-11-08,2023Q3,140,0.9384016699412202,0.122805,False,0.2583953590941969,0.2691617512870375,-0.01076639219284059,-0.3828192039720269,0
2023-11-09,2023Q3,140,0.9384016699412202,0.1309385,False,0.2805320121730648,0.2742002824263229,0.006331729746741899,-0.05283712560929991,0
2023-11-10,2023Q3,139,0.9360948813785432,0.1179465,False,0.2373521668055963,0.2938872607416981,-0.05653509393610179,-1.1824231999471144,0
2023-11-13,2023Q3,140,0.9384016699412202,0.1263225,False,0.2608544341878923,0.2959473065008471,-0.035092872312954826,-0.7582297195875847,0
2023-11-14,2023Q3,140,0.9384016699412202,0.1173065,False,0.2402526693593103,0.2923987886088527,-0.052146119249542405,-1.095526105916873,0
2023-11-15,2023Q3,140,0.9384016699412202,0.116036,False,0.2321296703118651,0.2873476762750786,-0.05521800596321352,-1.1699364224624322,0
2023-11-16,2023Q3,140,0.9384016699412202,0.1131715,False,0.2204210783927025,0.2792699744423514,-0.05884889604964891,-1.2367356733969044,0
2023-11-17,2023Q3,140,0.9384016699412202,0.111095,False,0.2190983451281976,0.2707946081803766,-0.051696263052179,-1.105079587196465,0
2023-11-20,2023Q3,139,0.9362705170919672,0.1096709999999999,False,0.2255996747755757,0.2768602734348125,-0.05126059865923682,-1.1111576401389198,0
2023-11-21,2023Q3,140,0.9384016699412202,0.109777,False,0.2319605003870859,0.2753667960326516,-0.04340629564556567,-0.8698074040084008,0
2023-11-22,2023Q3,140,0.9384016699412202,0.106078,False,0.2427681866117901,0.2801216029000939,-0.037353416288303826,-0.6650389103728304,0
2023-11-24,2023Q3,140,0.9384016699412202,0.103738,False,0.2368932841602747,0.2815211340617559,-0.04462784990148119,-0.8551477857200596,0
2023-11-27,2023Q3,119,0.8879297935196061,0.1044485,False,0.2363856578052445,0.2910603623613955,-0.05467470455615098,-1.1188717490712174,0
2023-11-28,2023Q3,119,0.8879297935196061,0.104262,False,0.2404385136485729,0.2837280857865144,-0.04328957213794146,-0.7664405723342202,0
2023-11-29,2023Q3,119,0.8879297935196061,0.107668,False,0.2509165811730732,0.2840137979148622,-0.033097216741789004,-0.4487799243318917,0
2023-11-30,2023Q3,119,0.8879297935196061,0.1079924999999999,False,0.2604786628508029,0.2662180938447056,-0.005739430993902672,0.365549273964812,0
2023-12-01,2023Q3,119,0.8879297935196061,0.1075045,False,0.2615891447285086,0.2663405379126765,-0.004751393184167896,0.39462946928490017,0
2023-12-04,2023Q3,119,0.8879297935196061,0.111871,False,0.2545862313560626,0.2521733474661021,0.0024128838899605265,0.594770496957887,0
2023-12-05,2023Q3,119,0.8879297935196061,0.1115515,False,0.2515159589310502,0.2498503136224872,0.0016656453085630296,0.571281335848438,0
2023-12-06,2023Q3,119,0.8879297935196061,0.113496,False,0.2605813331799373,0.2561826453826558,0.004398687797281531,0.6640774023413673,0
2023-12-07,2023Q3,119,0.8879297935196061,0.11335,False,0.2638511797136565,0.248262773438206,0.015588406275450523,0.9792228388622445,0
2023-12-08,2023Q3,119,0.8879297935196061,0.1063145,False,0.2509613492534535,0.2180574734275303,0.03290387582592319,1.4413088437760089,1
2023-12-11,2023Q3,140,0.9384016699412202,0.1109624999999999,False,0.2500900488562674,0.2170396028804021,0.03305044597586529,1.4136111145985617,1
2023-12-12,2023Q3,140,0.9384016699412202,0.102302,False,0.2240145444505171,0.2054054583400877,0.018609086110429413,0.9782429468591111,1
2023-12-13,2023Q3,140,0.9384016699412202,0.1013125,False,0.2226699039659098,0.2118965114121858,0.010773392553724004,0.74168154769615,1
2023-12-14,2023Q3,140,0.9384016699412202,0.100416,False,0.1982262979592201,0.1894306744213025,0.008795623537917602,0.6741239503075624,1
2023-12-15,2023Q3,140,0.9384016699412202,0.1016645,False,0.2120203347050243,0.1543434522403762,0.05767688246464808,1.9597596443110976,1
2023-12-18,2023Q3,140,0.9384016699412202,0.106112,False,0.2298356069076427,0.1512942072570325,0.07854139965061022,2.3870082333841056,1
2023-12-19,2023Q3,140,0.9384016699412202,0.106322,False,0.2305619226410892,0.1542310254280959,0.0763308972129933,2.1962618752278984,1
2023-12-20,2023Q3,140,0.9384016699412202,0.1147104999999999,False,0.2464783541831341,0.1968085523802249,0.0496698018029092,1.4695431227934241,1
2023-12-21,2023Q3,140,0.9384016699412202,0.114074,False,0.2490258963909196,0.2059128210175371,0.04311307537338249,1.262609225415876,1
2023-12-22,2023Q3,140,0.9384016699412202,0.1110285,False,0.2504250789795384,0.1899056503538765,0.060519428625661925,1.6182585262592573,1
2023-12-26,2023Q3,140,0.9384016699412202,0.110962,False,0.2031983778933575,0.1651527562084545,0.038045621684903025,1.045836157899721,1
2023-12-27,2023Q3,140,0.9384016699412202,0.1044865,False,0.1868613359040298,0.1678666674093347,0.01899466849469511,0.5704403882877158,1
2023-12-28,2023Q3,140,0.9384016699412202,0.104829,False,0.1929281413613522,0.1347168143792491,0.0582113269821031,1.4497533543253662,1
2023-12-29,2023Q3,140,0.9384016699412202,0.1042455,False,0.1983016518765974,0.1424341758214424,0.05586747605515499,1.3513670326578229,1
2024-01-02,2023Q4,118,0.8868439842439149,0.110943,False,0.1519658208960377,0.1570168805787537,-0.005051059682716019,-0.11277642387791044,0
2024-01-03,2023Q4,118,0.8868439842439149,0.1212535,False,0.1836997952273142,0.1657270329448881,0.017972762282426086,0.4166845308451802,0
2024-01-04,2023Q4,118,0.8868439842439149,0.1214949999999999,False,0.1825221708799475,0.161571774066247,0.020950396813700478,0.4663215470173335,0
2024-01-05,2023Q4,118,0.8868439842439149,0.117076,False,0.1738820593504669,0.1616298705157451,0.012252188834721817,0.22764647949296626,0
2024-01-08,2023Q4,142,0.9430042307581576,0.1120174999999999,False,0.1617097429120619,0.1907123499915536,-0.029002607079491705,-0.820333478609527,0
2024-01-09,2023Q4,142,0.9430042307581576,0.109632,False,0.1553667761317804,0.1880103478322766,-0.0326435717004962,-0.9137730149983209,0
2024-01-10,2023Q4,142,0.9430042307581576,0.1084185,False,0.1503215892600667,0.1860459142788837,-0.035724325018817005,-0.9692098753733591,0
2024-01-11,2023Q4,142,0.9430042307581576,0.1044394999999999,False,0.1377988870262916,0.1873859361525767,-0.049587049126285115,-1.306499779170661,0
2024-01-12,2023Q4,142,0.9430042307581576,0.1053215,False,0.1448458282977222,0.1859435349629158,-0.041097706665193606,-1.083411938587082,0
2024-01-16,2023Q4,142,0.9430042307581576,0.11741,False,0.1757915635621066,0.1897343972585461,-0.013942833696439505,-0.4082663167446636,0
2024-01-17,2023Q4,142,0.9430042307581576,0.1231124999999999,False,0.1877994900895039,0.1990817158268586,-0.011282225737354712,-0.3290899563319847,0
2024-01-18,2023Q4,142,0.9430042307581576,0.11861,False,0.1751900837921374,0.1963184105185314,-0.021128326726394003,-0.555979792063752,0
2024-01-19,2023Q4,142,0.9430042307581576,0.110926,False,0.1533381339108297,0.2182992874457482,-0.06496115353491849,-1.5780722987134677,0
2024-01-22,2023Q4,142,0.9430042307581576,0.108992,False,0.143479726248914,0.2109814907949727,-0.06750176454605869,-1.5897980188013239,0
2024-01-23,2023Q4,142,0.9430042307581576,0.1044905,False,0.1351953150593894,0.2059278643388711,-0.07073254927948172,-1.597769762725988,0
2024-01-24,2023Q4,142,0.9430042307581576,0.1071955,False,0.1394079399338844,0.2003046092609678,-0.0608966693270834,-1.3217581556060172,0
2024-01-25,2023Q4,142,0.9430042307581576,0.109426,False,0.1433208885073688,0.1968855225091576,-0.05356463400178882,-1.1470771776973994,0
2024-01-26,2023Q4,142,0.9430042307581576,0.108078,False,0.1448976197287408,0.1979336482340185,-0.053036028505277694,-1.103552256258436,0
2024-01-29,2023Q4,116,0.8780039398178635,0.1111505,False,0.1495226598006953,0.1916681826969411,-0.04214552289624582,-0.8033510469008216,0
2024-01-30,2023Q4,116,0.8780039398178635,0.1101485,False,0.1363484739726538,0.2135711624978902,-0.07722268852523642,-1.6124687785722356,0
2024-01-31,2023Q4,116,0.8780039398178635,0.1206895,False,0.1890722881609515,0.2502809385409816,-0.061208650380030094,-1.1877163678356766,0
2024-02-01,2023Q4,116,0.8780039398178635,0.1129989999999999,False,0.1754595782014422,0.2619724230904987,-0.08651284488905647,-1.728934012333937,0
2024-02-02,2023Q4,116,0.8780039398178635,0.109772,False,0.1913997187272922,0.2489904522139913,-0.0575907334866991,-1.019217297500571,0
2024-02-05,2023Q4,142,0.9430042307581576,0.1111544999999999,False,0.185176242216511,0.2097474266275374,-0.024571184411026403,-0.2340664139507344,0
2024-02-06,2023Q4,142,0.9430042307581576,0.1078695,False,0.1833173185576247,0.1946477198569393,-0.01133040129931459,0.07657509129578866,0
2024-02-07,2023Q4,142,0.9430042307581576,0.1061265,False,0.1845878265727763,0.1980325308465492,-0.013444704273772895,0.03480545691411365,0
2024-02-08,2023Q4,141,0.940722631600492,0.1049155,False,0.1792843133150133,0.1933704151749967,-0.014086101859983408,0.0031419177757802375,0
2024-02-09,2023Q4,142,0.9430042307581576,0.1055245,False,0.1823735248946998,0.1931177574957956,-0.010744232601095804,0.07284481310804208,0
2024-02-12,2023Q4,141,0.940722631600492,0.1096985,False,0.174680040697085,0.1922649202173211,-0.017584879520236102,-0.10394747346408412,0
2024-02-13,2023Q4,142,0.9430042307581576,0.117441,False,0.1882512352808649,0.2121950557704025,-0.02394382048953761,-0.27062259450982346,0
2024-02-14,2023Q4,142,0.9430042307581576,0.110481,False,0.1766655492366314,0.2210567599062994,-0.044391210669668,-0.7735655128465876,0
2024-02-15,2023Q4,141,0.940722631600492,0.109974,False,0.1697353443089397,0.2066834027552707,-0.036948058446331006,-0.6019548084884567,0
2024-02-16,2023Q4,141,0.940722631600492,0.1117965,False,0.1737928004262852,0.2068096540775535,-0.0330168536512683,-0.5164824674534367,0
2024-02-20,2023Q4,141,0.940722631600492,0.1228455,False,0.2056828612155576,0.2082123009911526,-0.0025294397755949993,0.2143998799272501,0
2024-02-21,2023Q4,141,0.940722631600492,0.1217365,False,0.2088059382126426,0.1843956942900592,0.024410243922583397,0.8496008951345674,0
2024-02-22,2023Q4,141,0.940722631600492,0.1172365,False,0.2183511781237943,0.2141631866359255,0.004187991487868775,0.3351741341232979,0
2024-02-23,2023Q4,140,0.9389132598446304,0.11167,False,0.2064886808573855,0.2142251781195221,-0.007736497262136599,0.02198703667808554,0
2024-02-26,2023Q4,117,0.8842603442812583,0.1123445,False,0.1940306748425431,0.2159345143073131,-0.02190383946477001,-0.34203415223882816,0
2024-02-27,2023Q4,117,0.8842603442812583,0.109406,False,0.1878289935336147,0.2169674193176052,-0.02913842578399048,-0.5255825536979437,0
2024-02-28,2023Q4,117,0.8842603442812583,0.1109585,False,0.1904576372743263,0.2201442020133615,-0.029686564739035193,-0.5280661008526797,0
2024-02-29,2023Q4,117,0.8842603442812583,0.111355,False,0.2023790522434095,0.2124451436576926,-0.010066091414283107,-0.03461680885678685,0
2024-03-01,2023Q4,117,0.8842603442812583,0.108194,False,0.183408152143633,0.2113172936780886,-0.02790914153445559,-0.4681525478898122,0
2024-03-04,2023Q4,117,0.8842603442812583,0.113153,False,0.1825439643047751,0.1954211621651106,-0.012877197860335504,-0.08622378488304115,0
2024-03-05,2023Q4,117,0.8842603442812583,0.120559,False,0.1943227830621638,0.209511023097645,-0.015188240035481193,-0.13600133666146622,0
2024-03-06,2023Q4,117,0.8842603442812583,0.1221475,False,0.1938379856800079,0.2118046514160876,-0.01796666573607969,-0.1921859208287678,0
2024-03-07,2023Q4,117,0.8842603442812583,0.122293,False,0.1856720420608939,0.2212999323354073,-0.03562789027451338,-0.6114863870013655,0
2024-03-08,2023Q4,117,0.8842603442812583,0.123906,False,0.1979981745531374,0.2309888462598312,-0.032990671706693814,-0.5214322889609698,0
2024-03-11,2023Q4,142,0.9430042307581576,0.1283955,False,0.2278768286731001,0.2241335233598542,0.0037433053132459038,0.4240752703818392,0
2024-03-12,2023Q4,142,0.9430042307581576,0.1171365,False,0.1976070586055435,0.2251356077848108,-0.02752854917926728,-0.3615612856166352,0
2024-03-13,2023Q4,142,0.9430042307581576,0.11522,False,0.1873574030396922,0.2273410704744409,-0.03998366743474871,-0.6598404481979084,0
2024-03-14,2023Q4,142,0.9430042307581576,0.1194995,False,0.2073082041685809,0.1945895102504644,0.012718693918116503,0.7296627251609952,0
2024-03-15,2023Q4,142,0.9430042307581576,0.1246275,False,0.2284875927736249,0.1909695288413806,0.0375180639322443,1.4525395493179443,1
2024-03-18,2023Q4,142,0.9430042307581576,0.123477,False,0.2212660886081202,0.1973333362122344,0.023932752395885798,1.157445060892595,1
2024-03-19,2023Q4,142,0.9430042307581576,0.119335,False,0.231340204461632,0.2036698323265114,0.027670372135120608,1.2968233777786142,1
2024-03-20,2023Q4,142,0.9430042307581576,0.111071,False,0.2114000123723753,0.2126340834706473,-0.001234071098272005,0.48996424838936764,1
2024-03-21,2023Q4,142,0.9430042307581576,0.108012,False,0.186725707389107,0.1984579337455068,-0.01173222635639981,0.22355642156061117,1
2024-03-22,2023Q4,142,0.9430042307581576,0.1069425,False,0.1887910376306508,0.1995758204293253,-0.010784782798674508,0.2864262314388174,1
2024-03-25,2023Q4,142,0.9430042307581576,0.111163,False,0.1563531260888356,0.1997898146403496,-0.043436688551514,-0.7368904683493488,0
2024-03-26,2023Q4,142,0.9430042307581576,0.1105859999999999,False,0.1568502868032454,0.1993321811076195,-0.0424818943043741,-0.688907123616605,0
2024-03-27,2023Q4,142,0.9430042307581576,0.1041835,False,0.1464288764218435,0.1775093983506028,-0.03108052192875932,-0.26476118707007457,0
2024-03-28,2023Q4,141,0.940722631600492,0.1063794999999999,False,0.1573356740000663,0.1749896595008263,-0.01765398550076,0.23591172564452767,0
2024-04-01,2024Q1,116,0.876627592331567,0.1089245,False,0.1128292803346558,0.1956620281593325,-0.08283274782467671,-2.0643548185057115,0
2024-04-02,2024Q1,115,0.8713379256677201,0.1236115,False,0.1538266488211478,0.2008375262144472,-0.0470108773932994,-0.7430063195318012,0
2024-04-03,2024Q1,115,0.8713379256677201,0.1236985,False,0.152855250915037,0.1936467404803294,-0.04079148956529241,-0.48870419670879006,0
2024-04-04,2024Q1,116,0.876627592331567,0.140347,False,0.187339852907507,0.2203747511697637,-0.03303489826225672,-0.19514951603778868,0
2024-04-05,2024Q1,116,0.876627592331567,0.1358075,False,0.1817209763360524,0.1809929712396651,0.0007280050963872908,1.0405946421050687,1
2024-04-08,2024Q1,142,0.9369006215211418,0.129151,False,0.1728058227974468,0.1820807242492541,-0.009274901451807288,0.6506712136147267,1
2024-04-09,2024Q1,142,0.9369006215211418,0.1295965,False,0.1784529684471483,0.1817845601081952,-0.0033315916610468788,0.8423482213644176,1
2024-04-10,2024Q1,142,0.9369006215211418,0.1352155,False,0.186303328704592,0.1889223683369113,-0.0026190396323193255,0.8420641382490774,1
2024-04-11,2024Q1,142,0.9369006215211418,0.129234,False,0.1690855035470947,0.1917846748624466,-0.0226991713153519,0.10608682802194062,1
2024-04-12,2024Q1,142,0.9369006215211418,0.148373,False,0.2073578114359672,0.2138881838561943,-0.006530372420227082,0.6998292822040354,1
2024-04-15,2024Q1,142,0.9369006215211418,0.164362,False,0.2521385721970585,0.2250691623000557,0.027069409897002794,1.8534756160428971,1
2024-04-16,2024Q1,142,0.9369006215211418,0.15989,False,0.2436106796532379,0.2309899171018435,0.01262076255139441,1.2943848432288971,1
2024-04-17,2024Q1,142,0.9369006215211418,0.159182,False,0.2373545098600687,0.2261842927224188,0.011170217137649902,1.2064578906111256,1
2024-04-18,2024Q1,142,0.9369006215211418,0.1591035,False,0.2391227105537142,0.225901210800143,0.013221499753571203,1.247468828219712,1
2024-04-19,2024Q1,142,0.9369006215211418,0.1633824999999999,False,0.2417742115151379,0.2070995156526917,0.0346746958624462,1.9494767081948192,1
2024-04-22,2024Q1,141,0.9348440946739112,0.1490635,False,0.1951266807356445,0.219206102965231,-0.024079422229586506,-0.20143491242281436,0
2024-04-23,2024Q1,141,0.9348440946739112,0.1391875,False,0.1751066525331099,0.2411272602139113,-0.0660206076808014,-1.7139735050559965,0
2024-04-24,2024Q1,142,0.9369006215211418,0.13827,False,0.1703464049306035,0.2196668593512849,-0.04932045442068142,-1.098564259999082,0
2024-04-25,2024Q1,142,0.9369006215211418,0.14351,False,0.1761248324951849,0.2086953946410209,-0.03257056214583601,-0.5396760860787727,0
2024-04-26,2024Q1,141,0.9348440946739112,0.1319775,False,0.1754223976314971,0.2177325010966322,-0.042310103465135085,-0.9312639811319815,0
2024-04-29,2024Q1,115,0.874495242878028,0.126678,False,0.1542984651453459,0.2089159047302155,-0.054617439584869615,-1.4835925235377834,0
2024-04-30,2024Q1,115,0.874495242878028,0.139425,False,0.1852617186244653,0.2237068357556963,-0.038445117131231,-0.8664528381224202,0
2024-05-01,2024Q1,115,0.874495242878028,0.136873,False,0.2054982502977437,0.2105296339010677,-0.0050313836033239745,0.47136596633909283,0
2024-05-02,2024Q1,115,0.874495242878028,0.132998,False,0.2046691174720125,0.2066465859398658,-0.001977468467853294,0.5869430916789145,0
2024-05-03,2024Q1,115,0.874495242878028,0.1194679999999999,False,0.1862623055461638,0.2262407604128549,-0.039978454866691104,-0.9199802639258496,0
2024-05-06,2024Q1,115,0.874495242878028,0.120141,False,0.1906539771993515,0.2364596192861663,-0.045805642086814785,-1.1198012842681864,0
2024-05-07,2024Q1,115,0.874495242878028,0.115789,False,0.1846565181958999,0.2338836166193581,-0.04922709842345821,-1.2148431454806885,0
2024-05-08,2024Q1,115,0.874495242878028,0.1135154999999999,False,0.178428548720498,0.2331357462732494,-0.05470719755275141,-1.3816088892489837,0
2024-05-09,2024Q1,115,0.874495242878028,0.1092465,False,0.1704162157946587,0.2329083896196594,-0.06249217382500069,-1.6189354045591628,0
2024-05-10,2024Q1,115,0.874495242878028,0.107389,False,0.1755930240301751,0.2315753854302551,-0.055982361400080005,-1.3555289388198908,0
2024-05-13,2024Q1,141,0.9348440946739112,0.1191715,False,0.20733474236978,0.2315520063392762,-0.024217263969496194,-0.18025061969275533,0
2024-05-14,2024Q1,142,0.9369006215211418,0.1162825,False,0.2045601914089239,0.2288097619108573,-0.02424957050193341,-0.18728484030158438,0
2024-05-15,2024Q1,141,0.9348440946739112,0.1066614999999999,False,0.1726314742709309,0.2413085926545879,-0.068677118383657,-1.7670014742418252,0
2024-05-16,2024Q1,141,0.9348440946739112,0.1048955,False,0.167899194104742,0.2208740917227975,-0.052974897618055516,-1.1594158118309605,0
2024-05-17,2024Q1,141,0.9350834307044464,0.1007919999999999,False,0.1561287814720694,0.2127673052256723,-0.0566385237536029,-1.2502976684534406,0
2024-05-20,2024Q1,141,0.9350834307044464,0.1002204999999999,False,0.1638011797243784,0.2097797301240583,-0.04597855039967988,-0.83180725050377,0
2024-05-21,2024Q1,141,0.9350834307044464,0.0972465,False,0.155437052576314,0.2110062117607191,-0.05556915918440511,-1.1496074572013437,0
2024-05-22,2024Q1,142,0.9369006215211418,0.1003445,False,0.1603027059899552,0.2051783918863744,-0.044875685896419215,-0.7490620898693302,0
2024-05-23,2024Q1,141,0.9348440946739112,0.1026765,False,0.1870314961246907,0.1935228834184325,-0.006491387293741796,0.6202216009537312,0
2024-05-24,2024Q1,140,0.9330269038572158,0.0943595,False,0.1696187796932506,0.1735886627543407,-0.003969883061090113,0.7057123269710202,0
2024-05-28,2024Q1,142,0.9369006215211418,0.102247,False,0.1683503039970247,0.1491163144016077,0.019233989595417,1.4819050883911935,1
2024-05-29,2024Q1,141,0.9346905794714796,0.1122685,False,0.1952883907994244,0.1569443695339727,0.038344021265451694,2.0487383853705583,1
2024-05-30,2024Q1,142,0.9369006215211418,0.1179905,False,0.2032227236021078,0.1512935344277735,0.05192918917433431,2.3523043143681406,1
2024-05-31,2024Q1,142,0.9369006215211418,0.1080069999999999,False,0.1764273777378558,0.1483346094615393,0.028092768276316488,1.5258508454441393,1
2024-06-03,2024Q1,114,0.8683431831619357,0.111825,False,0.1873956629386484,0.1432338977630645,0.0441617651755839,1.9313878155613495,1
2024-06-04,2024Q1,114,0.8683431831619357,0.1129345,False,0.1961685526892714,0.1390258089392025,0.05714274375006892,2.190754539709605,1
2024-06-05,2024Q1,114,0.8683431831619357,0.107615,False,0.1782677708958835,0.1365492727445986,0.041718498151284894,1.6812129396726787,1
2024-06-06,2024Q1,114,0.8683431831619357,0.1070245,False,0.1713429816016018,0.1406674598725015,0.03067552172910029,1.316160654637611,1
2024-06-07,2024Q1,114,0.8683431831619357,0.104335,False,0.1678579989717732,0.1459826941025776,0.02187530486919559,1.031648554968858,1
2024-06-10,2024Q1,142,0.9369006215211418,0.109946,False,0.2012969023008648,0.1406197744943281,0.060677127806536696,2.039074486250588,1
2024-06-11,2024Q1,141,0.9348440946739112,0.1099655,False,0.1985501752492735,0.1379193568267902,0.060630818422483274,1.9909662408280164,1
2024-06-12,2024Q1,142,0.9369006215211418,0.0991275,False,0.1612976785020302,0.0999509586347033,0.0613467198673269,1.9443920437038342,1
2024-06-13,2024Q1,142,0.9369006215211418,0.098079,False,0.1515504774830491,0.0960170748602147,0.05553340262283439,1.7493323451515685,1
2024-06-14,2024Q1,142,0.9369006215211418,0.1003785,False,0.1586174473950833,0.0908188873606228,0.0677985600344605,1.967965473125056,1
2024-06-17,2024Q1,142,0.9369006215211418,0.104969,False,0.1551338444355066,0.0806779016036056,0.07445594283190099,2.022679237159611,1
2024-06-18,2024Q1,142,0.9369006215211418,0.102783,False,0.1500451589224044,0.0709707646867954,0.07907439423560898,2.022341672299728,1
2024-06-20,2024Q1,142,0.9369006215211418,0.110149,False,0.1664746641624392,0.0688905225111174,0.0975841416513218,2.29794312709522,1
2024-06-21,2024Q1,141,0.9350834307044464,0.1076755,False,0.1679079666041815,0.0659626027194712,0.1019453638847103,2.249673458064504,1
2024-06-24,2024Q1,141,0.9350834307044464,0.112644,False,0.1514072309788997,0.065156547783635,0.08625068319526469,1.8241188788217626,1
2024-06-25,2024Q1,142,0.9369006215211418,0.1087995,False,0.1478000539887559,0.0629865285625452,0.08481352542621069,1.7152683241925635,1
2024-06-26,2024Q1,141,0.9347314407871392,0.1055089999999999,False,0.1335948016490913,0.060617068800324,0.0729777328487673,1.4328182939922056,1
2024-06-27,2024Q1,142,0.9369006215211418,0.1024895,False,0.124603274207089,0.05817495554182,0.06642831866526899,1.2546168302525513,1
2024-06-28,2024Q1,141,0.9347314407871392,0.1035475,False,0.1285237445577355,0.0451332193388698,0.0833905252188657,1.5362537362483433,1
2024-07-01,2024Q2,113,0.8747535244738049,0.1001405,False,0.0771575443030663,0.0443281068496273,0.032829437453439005,0.5031201278885662,1
2024-07-02,2024Q2,113,0.8747535244738049,0.0962995,False,0.0700766879841338,0.0452850518360851,0.024791636148048704,0.33325820014494273,1
2024-07-03,2024Q2,113,0.8747535244738049,0.100596,False,0.0769686949762741,0.0464907332214843,0.03047796175478979,0.43390030159376297,1
2024-07-05,2024Q2,113,0.8747535244738049,0.1016575,False,0.0750478753775668,0.0456443767803374,0.029403498597229398,0.4010353636523097,1
2024-07-08,2024Q2,142,0.9397325740849436,0.1028395,False,0.083569172599146,0.0442333012793744,0.03933587131977159,0.58475035843615,1
2024-07-09,2024Q2,142,0.9397325740849436,0.103023,False,0.0818533732837306,0.0489415827499207,0.0329117905338099,0.4386077991475498,1
2024-07-10,2024Q2,142,0.9397325740849436,0.104854,False,0.0845832184147139,0.0545553468012672,0.0300278716134467,0.36854758833065604,1
2024-07-11,2024Q2,142,0.9397325740849436,0.1070905,False,0.0819457205010182,0.0825711864491171,-0.0006254659480988967,-0.2366703248385516,0
2024-07-12,2024Q2,142,0.9397325740849436,0.1008449999999999,False,0.0723390643094221,0.0753977965939156,-0.0030587322844935066,-0.2800302743722695,0
2024-07-15,2024Q2,142,0.9397325740849436,0.109206,False,0.09207100837752,0.0627219966074071,0.0293490117701129,0.3628266445027442,0
2024-07-16,2024Q2,142,0.9397325740849436,0.1092455,False,0.0963389705110857,0.0603918663367166,0.035947104174369096,0.4863117631558548,0
2024-07-17,2024Q2,142,0.9397325740849436,0.120224,False,0.1074713626908123,0.0944198322323995,0.0130515304584128,0.03627652295361891,0
2024-07-18,2024Q2,142,0.9397325740849436,0.129998,False,0.1292315157956896,0.103752295599105,0.025479220196584593,0.2694175370855963,0
2024-07-19,2024Q2,142,0.9397325740849436,0.136072,False,0.1432004470406531,0.0971292277399008,0.046071219300752295,0.65713554612796,0
2024-07-22,2024Q2,142,0.9397325740849436,0.1257635,False,0.1330491109345686,0.1031079970606201,0.02994111387394849,0.3044936178766747,0
2024-07-23,2024Q2,141,0.9377265546528648,0.125734,False,0.1353540615003703,0.1013865942695725,0.0339674672307978,0.36767886734452887,0
2024-07-24,2024Q2,142,0.9397325740849436,0.1538315,False,0.2026509498457603,0.1612177407092675,0.04143320913649279,0.4998983494967373,0
2024-07-25,2024Q2,142,0.9397325740849436,0.158544,False,0.2076408974284866,0.1688386923107933,0.038802205117693306,0.41937128442574717,0
2024-07-26,2024Q2,141,0.9377265546528648,0.1435435,False,0.1744332089716218,0.1738470509984823,0.0005861579731394895,-0.422088502949525,0
2024-07-29,2024Q2,114,0.8776896032860244,0.1463539999999999,False,0.1490299306855029,0.1803545550879471,-0.031324624402444184,-1.0987799240307106,0
2024-07-30,2024Q2,114,0.8776896032860244,0.1539925,False,0.1567592875846293,0.1822283987024139,-0.025469111117784604,-0.9579303832844827,0
2024-07-31,2024Q2,114,0.8776896032860244,0.1433125,False,0.1573386005628957,0.1932712001627395,-0.035932599599843795,-1.1862341549834123,0
2024-08-01,2024Q2,114,0.8776896032860244,0.1615,False,0.1725657648264365,0.2064152281330746,-0.0338494633066381,-1.152111572036028,0
2024-08-02,2024Q2,114,0.8776896032860244,0.194696,False,0.2420381648654775,0.2222416571759727,0.019796507689504805,-0.01669412333681089,0
2024-08-05,2024Q2,114,0.8776896032860244,0.2776619999999999,False,0.4157867500679268,0.2752688323530175,0.1405179177149093,2.492584845491969,1
2024-08-06,2024Q2,114,0.8776896032860244,0.2133884999999999,False,0.3294043341668335,0.2840469542946045,0.04535737987222899,0.4340730639489153,1
2024-08-07,2024Q2,114,0.8776896032860244,0.2234864999999999,False,0.3458496075886962,0.284947055038347,0.06090255255034921,0.7503919211587806,1
2024-08-08,2024Q2,114,0.8776896032860244,0.189598,False,0.2994517725478658,0.3204296363710973,-0.02097786382323147,-1.094707759776223,0
2024-08-09,2024Q2,114,0.8776896032860244,0.1681135,False,0.2473879546278025,0.3239531582372063,-0.07656520360940378,-2.2502950236284165,0
2024-08-12,2024Q2,142,0.9397325740849436,0.170214,False,0.273163388411017,0.3233833972158347,-0.050220008804817695,-1.7050861409187466,0
2024-08-13,2024Q2,142,0.9397325740849436,0.1494035,False,0.2214932700998056,0.3425559727004235,-0.12106270260061788,-3.054460544877945,0
2024-08-14,2024Q2,142,0.9397325740849436,0.134781,False,0.1863918961210472,0.3433810741550833,-0.1569891780340361,-3.4471449563586405,0
2024-08-15,2024Q2,142,0.9397325740849436,0.1242405,False,0.1720722156356199,0.3548136949028653,-0.1827414792672454,-3.5099641369189016,0
2024-08-16,2024Q2,141,0.9377265546528648,0.1216335,False,0.1646263723844089,0.3599288872208523,-0.19530251483644342,-3.359202002043411,0
2024-08-19,2024Q2,142,0.9397325740849436,0.1166275,False,0.1516872576828099,0.3643709527302867,-0.21268369504747678,-3.2687856203216015,0
2024-08-20,2024Q2,141,0.9377265546528648,0.1242294999999999,False,0.1621350838055513,0.3651401837714597,-0.20300509996590838,-2.861148192380095,0
2024-08-21,2024Q2,141,0.9377265546528648,0.1262069999999999,False,0.1726899411480749,0.3618780258614393,-0.1891880847133644,-2.4936059379615596,0
2024-08-22,2024Q2,141,0.9377265546528648,0.1352755,False,0.173369160512615,0.3687722609086538,-0.19540310039603878,-2.3982880992167375,0
2024-08-23,2024Q2,140,0.9356279296703348,0.120484,False,0.1484845381686226,0.3723846782164346,-0.22390014004781203,-2.5344039879006033,0
2024-08-26,2024Q2,142,0.9397325740849436,0.1231035,False,0.1399842264011328,0.3755114729904164,-0.23552724658928356,-2.475696696321716,0
2024-08-27,2024Q2,141,0.9377265546528648,0.1202985,False,0.1391127073018458,0.3835790984416536,-0.2444663911398078,-2.396414695972148,0
2024-08-28,2024Q2,140,0.9358943898667346,0.131374,False,0.1652907827814783,0.3943473957955342,-0.2290566130140559,-2.113714070723952,0
2024-08-29,2024Q2,140,0.9358943898667346,0.1230885,False,0.1834807068707264,0.3909752185756031,-0.20749451170487668,-1.814846720268751,0
2024-08-30,2024Q2,140,0.9358017843162832,0.1101065,False,0.165733101271975,0.3948596688635133,-0.22912656759153832,-1.9180864367719839,0
2024-09-03,2024Q2,113,0.8748153433080004,0.1547855,False,0.252545730824171,0.4170300416044478,-0.1644843107802768,-1.2785402106882438,0
2024-09-04,2024Q2,113,0.8748153433080004,0.1604895,False,0.2697770864580378,0.4225450840320292,-0.1527679975739914,-1.134725048876986,0
2024-09-05,2024Q2,113,0.8748153433080004,0.1585225,False,0.2618746822937405,0.4033446780015125,-0.14146999570777202,-0.9995814665059755,0
2024-09-06,2024Q2,113,0.8748153433080004,0.17915,False,0.3075824235876171,0.4319767035835074,-0.12439427999589031,-0.8189838892382767,0
2024-09-09,2024Q2,142,0.9397325740849436,0.1636265,False,0.2852189256179913,0.4327901810860042,-0.14757125546801292,-0.9929125777947336,0
2024-09-10,2024Q2,142,0.9397325740849436,0.160376,False,0.2805597538485715,0.4255256499353214,-0.14496589608674987,-0.9381115436922327,0
2024-09-11,2024Q2,142,0.9397325740849436,0.147838,False,0.2462260813256354,0.4375636642424271,-0.1913375829167917,-1.3039765671272925,0
2024-09-12,2024Q2,142,0.9397325740849436,0.1387265,False,0.2195628181502134,0.4456214155304246,-0.22605859738021122,-1.5490482780753208,0
2024-09-13,2024Q2,142,0.9397325740849436,0.133742,False,0.2191054735205199,0.4476155362206856,-0.22851006270016572,-1.5117603195773206,0
2024-09-16,2024Q2,142,0.9397325740849436,0.137121,False,0.212398563481709,0.4431777971888765,-0.23077923370716752,-1.47800543368057,0
2024-09-17,2024Q2,142,0.9397325740849436,0.139076,False,0.2228733504660557,0.3751279098427794,-0.1522545593767237,-0.7723228756319924,0
2024-09-18,2024Q2,142,0.9397325740849436,0.143148,False,0.2396295285040003,0.3775254214723984,-0.13789589296839813,-0.6214105756902549,0
2024-09-19,2024Q2,142,0.9397325740849436,0.1242735,False,0.1963302264329426,0.3853215249466907,-0.1889912985137481,-1.0396805771205369,0
2024-09-20,2024Q2,142,0.9397325740849436,0.121056,False,0.1919734749104834,0.3496086839102861,-0.1576352089998027,-0.7336050829033425,0
2024-09-23,2024Q2,141,0.9377265546528648,0.119665,False,0.1690393585215289,0.3507609162597629,-0.181721557738234,-0.9193890215930615,0
2024-09-24,2024Q2,142,0.9397325740849436,0.1159925,False,0.1541526391716269,0.3462156810165659,-0.19206304184493903,-0.9820847090616617,0
2024-09-25,2024Q2,142,0.9397325740849436,0.118023,False,0.1556578502958587,0.3272127853479184,-0.1715549350520597,-0.7670157039741202,0
2024-09-26,2024Q2,142,0.9397325740849436,0.118455,False,0.1545617107076058,0.3241713025714276,-0.16960959186382182,-0.7228289539809486,0
2024-09-27,2024Q2,142,0.9397325740849436,0.127029,False,0.1759674505621868,0.3025985667460976,-0.1266311161839108,-0.3044602780742735,0
2024-09-30,2024Q2,114,0.8764420420803315,0.123374,False,0.1264713234079008,0.3037955247033128,-0.177324201295412,-0.7507163413301488,0
2024-10-01,2024Q3,112,0.8652547924337872,0.1421105,False,0.1668465707756331,0.2943783617540442,-0.12753179097841108,-0.2600204705939483,0
2024-10-02,2024Q3,112,0.8652547924337872,0.1428019999999999,False,0.1703134781739045,0.2948999320325024,-0.12458645385859793,-0.2097736885628841,0
2024-10-03,2024Q3,112,0.8652547924337872,0.1499599999999999,False,0.1828835385570165,0.2920040989960083,-0.10912056043899182,-0.038436693778329215,0
2024-10-04,2024Q3,112,0.8652547924337872,0.1327465,False,0.1490835135784236,0.2861508508745628,-0.13706733729613924,-0.29260748746266285,0
2024-10-07,2024Q3,142,0.9356526207559768,0.179437,False,0.2559069558547549,0.2792316721896185,-0.02332471633486355,0.8380562747077684,0
2024-10-08,2024Q3,142,0.9356526207559768,0.1665305,False,0.2256304205371641,0.2868696372431132,-0.06123921670594912,0.4837646777556674,0
2024-10-09,2024Q3,142,0.9356526207559768,0.160247,False,0.2135175018287358,0.2889741387225131,-0.0754566368937773,0.3657855025430861,0
2024-10-10,2024Q3,142,0.9356526207559768,0.159696,False,0.209503382496755,0.2820319805998447,-0.0725285981030897,0.4155987811874769,0
2024-10-11,2024Q3,142,0.9356526207559768,0.1556529999999999,False,0.2095076091005518,0.2839018908435918,-0.07439428174304,0.4203783892256668,0
2024-10-14,2024Q3,142,0.9356526207559768,0.152609,False,0.2121588100824434,0.2789537793441559,-0.0667949692617125,0.5323255391745961,0
2024-10-15,2024Q3,142,0.9356526207559768,0.1565165,False,0.2098606066078161,0.2289254132037739,-0.0190648065959578,1.0685982068779254,1
2024-10-16,2024Q3,142,0.9356526207559768,0.1520035,False,0.2006758965882427,0.2269069021650917,-0.026231005576849015,1.0164346735622387,1
2024-10-17,2024Q3,142,0.9356526207559768,0.14726,False,0.186136570393451,0.2301558362446357,-0.04401926585118471,0.8531240927493061,1
2024-10-18,2024Q3,142,0.9356526207559768,0.1431855,False,0.1870144607852555,0.1792873766280829,0.0077270841571726034,1.4588011760774857,1
2024-10-21,2024Q3,142,0.9356526207559768,0.1465795,False,0.1751584879472356,0.1677722125421175,0.007386275405118103,1.4509081148089145,1
2024-10-22,2024Q3,142,0.9356526207559768,0.148704,False,0.1742768909365243,0.1677299296324499,0.006546961304074395,1.4214726580158725,1
2024-10-23,2024Q3,142,0.9356526207559768,0.1596935,False,0.1946426923749641,0.1720102817785991,0.022632410596365005,1.5751369286704258,1
2024-10-24,2024Q3,142,0.9356526207559768,0.1585639999999999,False,0.1952652557570097,0.1524447580863414,0.04282049767066831,1.7510113775193057,1
2024-10-25,2024Q3,142,0.9356526207559768,0.164732,False,0.2104864270097119,0.1499193009578343,0.06056712605187761,1.8818857691448716,1
2024-10-28,2024Q3,112,0.8668695332931631,0.156533,False,0.1951390643706216,0.156452951000776,0.03868611336984559,1.635990678176064,1
2024-10-29,2024Q3,112,0.8668695332931631,0.15644,False,0.195032526696935,0.1553648564397973,0.03966767025713769,1.7348416209186261,1
2024-10-30,2024Q3,112,0.8668695332931631,0.1621255,False,0.214506059853237,0.1503181521483812,0.0641879077048558,1.9898173569697015,1
2024-10-31,2024Q3,112,0.8668695332931631,0.1834035,False,0.2707562989620079,0.1482634137932139,0.12249288516879403,2.554196975117228,1
2024-11-01,2024Q3,112,0.8668695332931631,0.1776665,False,0.3065902113690186,0.1476105487320977,0.1589796626369209,2.7425918256452584,1
2024-11-04,2024Q3,112,0.8668695332931631,0.1761525,False,0.3016278508640172,0.1498786666666413,0.15174918419737593,2.4894428515330387,1
2024-11-05,2024Q3,112,0.8668695332931631,0.161755,False,0.262442118736483,0.167742635315151,0.094699483421332,1.8674664360531632,1
2024-11-06,2024Q3,112,0.8668695332931631,0.125423,False,0.1776777849046827,0.210946151042786,-0.0332683661381033,0.6624420044591725,1
2024-11-07,2024Q3,112,0.8668695332931631,0.118982,False,0.177755835670447,0.2138110097861083,-0.03605517411566131,0.6171921771518093,1
2024-11-08,2024Q3,112,0.8668695332931631,0.115487,False,0.1703652382380452,0.2093457713310172,-0.038980533092972,0.5690885540642396,1
2024-11-11,2024Q3,142,0.9356526207559768,0.1187475,False,0.1611091500769597,0.1957014875153744,-0.034592337438414694,0.5871097297066661,1
2024-11-12,2024Q3,142,0.9356526207559768,0.11838,False,0.157269434580391,0.1856918954406352,-0.028422460860244192,0.6200152831151782,1
2024-11-13,2024Q3,142,0.9356526207559768,0.114103,False,0.1432906500503164,0.1843684561967737,-0.041077806146457285,0.47962243923416426,1
2024-11-14,2024Q3,142,0.9356526207559768,0.1133785,False,0.1452257376942778,0.1863145031088481,-0.041088765414570294,0.45875792600731785,1
2024-11-15,2024Q3,142,0.9356526207559768,0.128142,False,0.1710727521534393,0.1960738815672568,-0.02500112941381749,0.5876919928717773,1
2024-11-18,2024Q3,142,0.9356526207559768,0.1249595,False,0.1666700770836895,0.188537897385412,-0.02186782030172249,0.5924932023996348,1
2024-11-19,2024Q3,142,0.9356526207559768,0.1279675,False,0.1828427525459106,0.1783614180702288,0.004481334475681803,0.8187658996703113,1
2024-11-20,2024Q3,142,0.9356526207559768,0.1335299999999999,False,0.1899980185139781,0.1736314882140735,0.01636653029990459,0.9066991272236845,1
2024-11-21,2024Q3,142,0.9356526207559768,0.1275045,False,0.1942722964305668,0.1682433921226021,0.0260289043079647,0.9724027031035944,1
2024-11-22,2024Q3,142,0.9356526207559768,0.1149715,False,0.1651280947749684,0.1677380214358186,-0.0026099266608501925,0.6585270450065239,1
2024-11-25,2024Q3,142,0.9356526207559768,0.1072415,False,0.1553984659877568,0.1584319574910569,-0.0030334915033000953,0.6286330802392193,1
2024-11-26,2024Q3,141,0.9334511603183966,0.1027315,False,0.1550558873888514,0.1609203939694155,-0.005864506580564088,0.5755792032908609,1
2024-11-27,2024Q3,141,0.9334511603183966,0.1014795,False,0.1554869750310223,0.164739191177076,-0.009252216146053704,0.5180466647133599,1
2024-11-29,2024Q3,141,0.9334511603183966,0.0991265,False,0.1453309563423192,0.1679746550362418,-0.022643698693922576,0.35821898678005115,1
2024-12-02,2024Q3,111,0.8649600178361394,0.0981775,False,0.1339115519245934,0.1730414545676731,-0.039129902643079695,0.16940748467315708,1
2024-12-03,2024Q3,111,0.8649600178361394,0.098353,False,0.1403450900228147,0.1751197129404756,-0.0347746229176609,0.19730147144945975,1
2024-12-04,2024Q3,111,0.8649600178361394,0.096588,False,0.1365784609363236,0.1775615140601748,-0.040983053123851226,0.11314636774556916,1
2024-12-05,2024Q3,111,0.8649600178361394,0.0953295,False,0.1286845138907519,0.1661553080876621,-0.03747079419691021,0.12587192972266098,1
2024-12-06,2024Q3,111,0.8649600178361394,0.0920195,False,0.1165204236759326,0.1725889627483617,-0.05606853907242909,-0.11412941167485513,0
2024-12-09,2024Q3,142,0.9356526207559768,0.106464,False,0.1455763761624206,0.1688760260193472,-0.02329964985692659,0.22909076733724068,0
2024-12-10,2024Q3,142,0.9356526207559768,0.10632,False,0.1468599341048178,0.1650729861992015,-0.018213052094383703,0.2585536555592957,0
2024-12-11,2024Q3,142,0.9356526207559768,0.0999675,False,0.1214745012086193,0.1661827994356676,-0.044708298227048304,-0.0932749101119398,0
2024-12-12,2024Q3,142,0.9356526207559768,0.102077,False,0.1325907439915125,0.1719063667014329,-0.039315622709920395,-0.0466956751883285,0
2024-12-13,2024Q3,142,0.9356526207559768,0.099589,False,0.1262983024937462,0.1297160511826555,-0.003417748688909289,0.3847919312304575,0
2024-12-16,2024Q3,142,0.9356526207559768,0.1095815,False,0.1310737919361742,0.1302271025735832,0.0008466893625909966,0.4154907905446812,0
2024-12-17,2024Q3,142,0.9356526207559768,0.1162364999999999,False,0.1467598466447475,0.1295109213506924,0.017248925294055112,0.6128642736320228,0
2024-12-18,2024Q3,142,0.9356526207559768,0.1693839999999999,False,0.2941265363106956,0.1898064738051892,0.10432006250550638,1.795643040433634,1
2024-12-19,2024Q3,142,0.9356526207559768,0.1709935,False,0.2867180617160264,0.1550509193945492,0.13166714232147717,2.1151442362990562,1
2024-12-20,2024Q3,142,0.9356526207559768,0.1426565,False,0.2562286919237553,0.1601716673919563,0.09605702453179901,1.5766932485779015,1
2024-12-23,2024Q3,142,0.9356526207559768,0.128503,False,0.212901720154348,0.1664776995207417,0.04642402063360629,0.8269795594618577,1
2024-12-24,2024Q3,142,0.9356526207559768,0.1052115,False,0.1521925329867599,0.1863674649999088,-0.03417493201314892,-0.42738839378884147,0
2024-12-26,2024Q3,141,0.9335926388882914,0.107748,False,0.1555542839041363,0.1903677709486678,-0.034813487044531494,-0.4756251176991,0
2024-12-27,2024Q3,140,0.9316687580812916,0.1216215,False,0.1953758025933055,0.2053486966259578,-0.009972894032652307,-0.10869721931624451,0
2024-12-30,2024Q3,111,0.8649600178361394,0.139508,False,0.1887688700120316,0.2148124591351596,-0.026043589123127986,-0.4107217664467816,0
2024-12-31,2024Q3,111,0.8649600178361394,0.139017,False,0.1860178777132478,0.2034271097261139,-0.01740923201286612,-0.3113864537756513,0
2025-01-02,2024Q4,113,0.8769165835068794,0.145963,False,0.1901028798002483,0.2181632854766317,-0.028060405676383404,-0.5010663265031233,0
2025-01-03,2024Q4,113,0.8769165835068794,0.129362,False,0.1535104723489341,0.2335180861399511,-0.08000761379101698,-1.4182665275352069,0
2025-01-06,2024Q4,113,0.8769165835068794,0.13065,False,0.1287265382892039,0.2329048186806272,-0.1041782803914233,-1.8158792696046513,0
2025-01-07,2024Q4,113,0.8769165835068794,0.1452945,False,0.1646902300815296,0.251856672058794,-0.08716644197726436,-1.503257584596751,0
2025-01-08,2024Q4,113,0.8769165835068794,0.1433654999999999,False,0.1677072713917044,0.2575033090744444,-0.08979603768274,-1.5348869602270911,0
2025-01-10,2024Q4,113,0.8769165835068794,0.158879,False,0.1996087171048542,0.2827240405828341,-0.08311532347797992,-1.4055026212129316,0
2025-01-13,2024Q4,142,0.9375806471510292,0.1566045,False,0.2005973474197222,0.2762981015511991,-0.0757007541314769,-1.2451561031012899,0
2025-01-14,2024Q4,142,0.9375806471510292,0.1566449999999999,False,0.2034368518055453,0.270010028198504,-0.0665731763929587,-1.0688872830199154,0
2025-01-15,2024Q4,142,0.9375806471510292,0.130664,False,0.1520300997450034,0.292812066905127,-0.14078196716012362,-2.206648310094134,0
2025-01-16,2024Q4,142,0.9375806471510292,0.1322225,False,0.153661385926488,0.2820376788129867,-0.12837629288649868,-1.9063093949899645,0
2025-01-17,2024Q4,142,0.9375806471510292,0.1298305,False,0.1517964185193324,0.2913234802786641,-0.13952706175933172,-1.9743055282200719,0
2025-01-21,2024Q4,142,0.9375806471510292,0.1182709999999999,False,0.122991941768029,0.2888038546797022,-0.16581191291167321,-2.229384822274512,0
2025-01-22,2024Q4,142,0.9375806471510292,0.1163095,False,0.1154093243752731,0.2850680775219013,-0.16965875314662818,-2.152345747836188,0
2025-01-23,2024Q4,142,0.9375806471510292,0.1140714999999999,False,0.1137611187739304,0.2877089224629552,-0.1739478036890248,-2.0908820664079992,0
2025-01-24,2024Q4,142,0.9375806471510292,0.1132605,False,0.1131896452029514,0.2902142316479202,-0.17702458644496882,-2.0246466250824855,0
2025-01-27,2024Q4,142,0.9375806471510292,0.141314,False,0.1225180105113892,0.243737221805625,-0.12121921129423578,-1.244753930705249,0
2025-01-28,2024Q4,142,0.9375806471510292,0.128706,False,0.1079895367924346,0.2389093810359045,-0.13091984424346992,-1.32253972371266,0
2025-01-29,2024Q4,142,0.9375806471510292,0.1325315,False,0.0988531923815725,0.2366414637861066,-0.1377882714045341,-1.3629960288621443,0
2025-01-30,2024Q4,142,0.9375806471510292,0.126413,False,0.0921908975741147,0.2337481433760937,-0.141557245801979,-1.3806831356644313,0
2025-01-31,2024Q4,142,0.9375806471510292,0.1334345,False,0.1142858581339918,0.2382282624998073,-0.12394240436581551,-1.14176113782642,0
2025-02-03,2024Q4,115,0.8817972496787876,0.1475195,False,0.1361311432472859,0.2445310437835123,-0.10839990053622639,-0.9189564103578239,0
2025-02-04,2024Q4,115,0.8817972496787876,0.1347905,False,0.1215613561601825,0.1949859614690621,-0.0734246053088796,-0.3793393514779723,0
2025-02-05,2024Q4,115,0.8817972496787876,0.1270899999999999,False,0.1147526158728605,0.1856350012256343,-0.07088238535277382,-0.33103949117558024,0
2025-02-06,2024Q4,115,0.8817972496787876,0.1215935,False,0.1141050343996398,0.177502196382841,-0.06339716198320121,-0.21046672298478203,0
2025-02-07,2024Q4,115,0.8817972496787876,0.130302,False,0.1416377281437935,0.1816593290566896,-0.04002160091289611,0.1446869170051829,0
2025-02-10,2024Q4,142,0.9375806471510292,0.1228755,False,0.1388934719831373,0.1700509547027205,-0.031157482719583185,0.2783348083771799,0
2025-02-11,2024Q4,142,0.9375806471510292,0.122666,False,0.1367438271408604,0.1662432988401182,-0.029499471699257818,0.30380060876014603,0
2025-02-12,2024Q4,142,0.9375806471510292,0.1256645,False,0.1428279373986859,0.1530853133024888,-0.010257375903802907,0.5864425772302329,0
2025-02-13,2024Q4,142,0.9375806471510292,0.1155145,False,0.1177585344154498,0.149473728383968,-0.0317151939685182,0.25914253256629854,0
2025-02-14,2024Q4,142,0.9375806471510292,0.1118045,False,0.1135492393937016,0.1439795982796353,-0.030430358885933706,0.28007689978662204,0
2025-02-18,2024Q4,142,0.9375806471510292,0.114056,False,0.1105347562281117,0.1435929334344621,-0.03305817720635042,0.24335010560363338,0
2025-02-19,2024Q4,142,0.9375806471510292,0.110845,False,0.1065163631937562,0.1343503912610129,-0.027834028067256697,0.3322436646434656,0
2025-02-20,2024Q4,142,0.9375806471510292,0.111417,False,0.1112198583571716,0.1340397332564574,-0.022819874899285802,0.4215667263319816,0
2025-02-21,2024Q4,142,0.9375806471510292,0.136977,False,0.162321483438817,0.1462669398695514,0.01605454356926561,1.023152133700081,1
2025-02-24,2024Q4,142,0.9375806471510292,0.1476569999999999,False,0.1822937702847157,0.1489672442730543,0.03332652601166139,1.2676459343420758,1
2025-02-25,2024Q4,142,0.9375806471510292,0.153311,False,0.179226907822016,0.1342010654756036,0.04502584234641241,1.4149549897765388,1
2025-02-26,2024Q4,142,0.9375806471510292,0.1553959999999999,False,0.1958117148580498,0.1302650735649583,0.06554664129309148,1.670192778434872,1
2025-02-27,2024Q4,142,0.9375806471510292,0.174808,False,0.2491220735729303,0.150689431764011,0.09843264180891931,2.0548207933574743,1
2025-02-28,2024Q4,142,0.9375806471510292,0.150091,False,0.2010475988982579,0.1465759402279551,0.05447165867030282,1.389177812448893,1
2025-03-03,2024Q4,115,0.8817972496787876,0.18493,False,0.2535433291528577,0.1780858635844312,0.0754574655684265,1.6183770403885382,1
2025-03-04,2024Q4,115,0.8817972496787876,0.195996,False,0.2684681563218058,0.1681620518531535,0.10030610446865232,1.8686674357636197,1
2025-03-05,2024Q4,115,0.8817972496787876,0.1851735,False,0.2664681046477289,0.1763492629347989,0.09011884171293,1.6634927694956938,1
2025-03-06,2024Q4,115,0.8817972496787876,0.215938,False,0.3219743585725752,0.189957744336923,0.13201661423565222,2.086069129549733,1
2025-03-07,2024Q4,115,0.8817972496787876,0.1981905,False,0.2977630247271169,0.1851259132084465,0.1126371115186704,1.76184455457374,1
2025-03-10,2024Q4,142,0.9375806471510292,0.2356309999999999,False,0.3408143398068862,0.2233288193577072,0.11748552044917898,1.7447009636968391,1
2025-03-11,2024Q4,142,0.9375806471510292,0.234771,False,0.3542008469637177,0.2513439831358058,0.10285686382791187,1.5176416649536195,1
2025-03-12,2024Q4,142,0.9375806471510292,0.2149525,False,0.3331399407658806,0.2488891139216783,0.08425082684420229,1.2605342380708984,1
2025-03-13,2024Q4,142,0.9375806471510292,0.2250785,False,0.352042154249633,0.2556125803661955,0.09642957388343748,1.352035478991496,1
2025-03-14,2024Q4,142,0.9375806471510292,0.193972,False,0.3208219978248676,0.3043581476644443,0.016463850160423288,0.45033955639439466,1
2025-03-17,2024Q4,142,0.9375806471510292,0.181375,False,0.2896656568159376,0.3080590335713615,-0.018393376755423907,0.06329945294445016,1
2025-03-18,2024Q4,142,0.9375806471510292,0.193347,False,0.3105369489325318,0.3158023749536229,-0.005265426021091091,0.2150464922564974,1
2025-03-19,2024Q4,142,0.9375806471510292,0.1765375,False,0.2928071854879673,0.3272813249433934,-0.0344741394554261,-0.08862334751461501,0
2025-03-20,2024Q4,142,0.9375806471510292,0.1752625,False,0.2995281083421302,0.3408457828573368,-0.041317674515206626,-0.1378586501665105,0
2025-03-21,2024Q4,142,0.9375806471510292,0.1712325,False,0.3127545169953562,0.3424275209191901,-0.029673003923833874,0.02438663618556186,0
2025-03-24,2024Q4,142,0.9375806471510292,0.151188,False,0.2427200533430759,0.3598167564440476,-0.1170967031009717,-0.9913402015496316,0
2025-03-25,2024Q4,142,0.9375806471510292,0.146458,False,0.2272883677785963,0.3556962765622785,-0.1284079087836822,-1.0966057155897255,0
2025-03-26,2024Q4,142,0.9375806471510292,0.1601245,False,0.2488644929456273,0.3620830334181901,-0.1132185404725628,-0.8946112034461269,0
2025-03-27,2024Q4,142,0.9375806471510292,0.162192,False,0.2501117268999954,0.364492931476244,-0.11438120457624862,-0.8826148078474801,0
2025-03-28,2024Q4,115,0.8817972496787876,0.189292,False,0.2901664539038457,0.377982254456896,-0.08781580055305027,-0.5579196992208335,0
2025-03-31,2024Q4,115,0.8817972496787876,0.1850805,False,0.2320205661020024,0.3815212218191961,-0.14950065571719373,-1.2372052051763545,0
2025-04-01,2025Q1,113,0.8642114816181266,0.1819049999999999,False,0.2474912355815915,0.3511269100485983,-0.1036356744670068,-0.690750985275711,0
2025-04-02,2025Q1,113,0.8642114816181266,0.1810855,False,0.2451927352050741,0.3537230188889531,-0.10853028368387899,-0.7391650989256013,0
2025-04-03,2025Q1,113,0.8642114816181266,0.251783,False,0.3439143133055242,0.4129588495009448,-0.06904453619542061,-0.29447649012713767,0
2025-04-04,2025Q1,111,0.7872962562092691,0.365081,False,0.4832563095470408,0.4960589028286177,-0.012802593281576902,0.338212792354712,0
2025-04-07,2025Q1,142,0.9303131630764644,0.3821865,False,0.5016424371005769,0.483685960388366,0.0179564767122109,0.6706885879256176,0
2025-04-08,2025Q1,142,0.9303131630764644,0.421606,False,0.5294305290193917,0.4869774753866429,0.042453053632748816,0.9232828110303398,0
2025-04-09,2025Q1,142,0.9303131630764644,0.2503205,False,0.3424178876594083,0.6603753555726988,-0.3179574679132905,-2.9158329476685325,0
2025-04-10,2025Q1,142,0.9303131630764644,0.3505895,False,0.4773191901477591,0.671001158387104,-0.19368196823934486,-1.5466751780253571,0
2025-04-11,2025Q1,142,0.9303131630764644,0.320241,False,0.4681721433725637,0.6696955364212138,-0.20152339304865013,-1.595344281780834,0
2025-04-14,2025Q1,142,0.9303131630764644,0.2541825,False,0.3656626817829744,0.6742237984290514,-0.30856111664607705,-2.5243013735587176,0
2025-04-15,2025Q1,142,0.9303131630764644,0.246797,False,0.3930744350172357,0.6782196725000917,-0.28514523748285603,-2.1921012112890135,0
2025-04-16,2025Q1,142,0.9303131630764644,0.276759,False,0.4209137116950769,0.680487244263942,-0.2595735325688651,-1.8961515339466835,0
2025-04-17,2025Q1,142,0.9303131630764644,0.260342,False,0.4155636222688831,0.65580816254772,-0.2402445402788369,-1.6829775399350027,0
2025-04-21,2025Q1,142,0.9303131630764644,0.293536,False,0.4545444737987384,0.6679239409001665,-0.21337946710142808,-1.4239855092224911,0
2025-04-22,2025Q1,142,0.9303131630764644,0.268136,False,0.426586415495661,0.6758279822968968,-0.24924156680123577,-1.7079158289756395,0
2025-04-23,2025Q1,142,0.9303131630764644,0.249442,False,0.3978024835404525,0.6837602037700392,-0.2859577202295867,-1.9463714604038966,0
2025-04-24,2025Q1,142,0.9303131630764644,0.229803,False,0.376812329426339,0.6900488385902682,-0.3132365091639292,-2.0787361757324225,0
2025-04-25,2025Q1,142,0.9303131630764644,0.214087,False,0.3591444479663347,0.6860996333778635,-0.3269551854115288,-2.089969333630256,0
2025-04-28,2025Q1,113,0.8642114816181266,0.214368,False,0.3423422301141151,0.6899820077217628,-0.3476397776076477,-2.144202503823777,0
2025-04-29,2025Q1,113,0.8642114816181266,0.2061995,False,0.3274504587214313,0.6927974428424131,-0.36534698412098177,-2.160174577868507,0
2025-04-30,2025Q1,113,0.8642114816181266,0.2129965,False,0.3380454834877525,0.6917662903526187,-0.35372080686486623,-1.9757460569317375,0
2025-05-01,2025Q1,113,0.8642114816181266,0.2045465,False,0.3338209172364064,0.6703678224260016,-0.3365469051895952,-1.7723629130337857,0
2025-05-02,2025Q1,113,0.8642114816181266,0.1868845,False,0.3267490210891647,0.666867614058393,-0.3401185929692283,-1.7204520573796833,0
2025-05-05,2025Q1,113,0.8642114816181266,0.1961775,False,0.3387391863058155,0.6683551607653455,-0.32961597445953,-1.5846067701013191,0
2025-05-06,2025Q1,113,0.8642114816181266,0.207832,False,0.3690992583993838,0.6646631518778408,-0.29556389347845696,-1.3132457980556336,0
2025-05-07,2025Q1,113,0.8642114816181266,0.201249,False,0.3435338806383696,0.6582594156997534,-0.31472553506138384,-1.385577250602765,0
2025-05-08,2025Q1,113,0.8642114816181266,0.1924785,False,0.33301655888635,0.6601829853805533,-0.3271664264942033,-1.4110070493010745,0
2025-05-09,2025Q1,113,0.8642114816181266,0.1907579999999999,False,0.3364611794734253,0.6620260481624252,-0.32556486868899986,-1.35014241896085,0
2025-05-12,2025Q1,142,0.9303131630764644,0.151988,False,0.2534577441909268,0.6525597265409008,-0.39910198234997396,-1.726771514075861,0
2025-05-13,2025Q1,142,0.9303131630764644,0.1488845,False,0.2321684208499757,0.6456278587655595,-0.4134594379155838,-1.7325408678027556,0
2025-05-14,2025Q1,142,0.9303131630764644,0.1527339999999999,False,0.225406282140707,0.6437204996554496,-0.4183142175147426,-1.6845360876832487,0
2025-05-15,2025Q1,142,0.9303131630764644,0.1476035,False,0.215018868290672,0.6358424543143315,-0.42082358602365955,-1.627449301703989,0
2025-05-16,2025Q1,142,0.9303131630764644,0.1432355,False,0.2121405177989037,0.6322628723891582,-0.42012235459025454,-1.5577315529649576,0
2025-05-19,2025Q1,142,0.9303131630764644,0.1471205,False,0.2291447986777695,0.5832710788398587,-0.35412628016208925,-1.1499067495530917,0
2025-05-20,2025Q1,142,0.9303131630764644,0.1462365,False,0.2245888405896241,0.5935749958451655,-0.36898615525554135,-1.1907124368302302,0
2025-05-21,2025Q1,142,0.9303131630764644,0.16785,False,0.2712833920405043,0.5968481291397592,-0.3255647370992549,-0.9195662477960442,0
2025-05-22,2025Q1,142,0.9303131630764644,0.165511,False,0.2676851040367246,0.3934118255202326,-0.12572672148350805,0.20838380075041096,0
2025-05-23,2025Q1,142,0.9303131630764644,0.179877,False,0.3101130870837487,0.3445224387468815,-0.0344093516631328,0.744086163714218,0
2025-05-27,2025Q1,141,0.928404578934462,0.1509005,False,0.2238823348994104,0.353561842618517,-0.12967950771910658,0.22183985378206306,0
2025-05-28,2025Q1,142,0.9303131630764644,0.155957,False,0.238412270647235,0.358062263441897,-0.11964999279466201,0.30347269068395955,0
2025-05-29,2025Q1,142,0.9303131630764644,0.152476,False,0.2525889085523523,0.358198975622366,-0.10561006707001375,0.4145767621062579,0
2025-05-30,2025Q1,142,0.9303131630764644,0.151214,False,0.2562648594070937,0.318864248168773,-0.06259938876167931,0.7000069787188732,0
2025-06-02,2025Q1,113,0.8642114816181266,0.151757,False,0.2586832651782313,0.3530581967268896,-0.09437493154865828,0.5448101994239877,0
2025-06-03,2025Q1,113,0.8642114816181266,0.1451265,False,0.2427862518333426,0.3052404573726918,-0.06245420553934919,0.7828962891787861,0
2025-06-04,2025Q1,113,0.8642114816181266,0.1451049999999999,False,0.2449560713876456,0.279262947040804,-0.0343068756531584,1.005063759697162,1
2025-06-05,2025Q1,113,0.8642114816181266,0.1506825,False,0.2458437638465436,0.2655044499809374,-0.019660686134393812,1.1390948749210552,1
2025-06-06,2025Q1,113,0.8642114816181266,0.1357435,False,0.2247126156750964,0.2478621300629269,-0.0231495143878305,1.1487532423308364,1
2025-06-09,2025Q1,142,0.9303131630764644,0.1407729999999999,False,0.2508449499525977,0.2381665685391819,0.012678381413415818,1.4281172453796402,1
2025-06-10,2025Q1,142,0.9303131630764644,0.1369314999999999,False,0.2395920412365381,0.2367043882618676,0.0028876529746705015,1.3644058040037772,1
2025-06-11,2025Q1,142,0.9303131630764644,0.139627,False,0.248107668206642,0.2368546395876592,0.011253028618982808,1.412974012465892,1
2025-06-12,2025Q1,142,0.9303131630764644,0.140367,False,0.2627221995723976,0.2357500734297674,0.026972126142630226,1.5106832696292405,1
2025-06-13,2025Q1,142,0.9303131630764644,0.1619515,False,0.3247842743499316,0.2675076820833564,0.05727659226657522,1.6849341041312487,1
2025-06-16,2025Q1,142,0.9303131630764644,0.1469365,False,0.2702008230446817,0.2691148607383328,0.0010859623063488866,1.2891064952752647,1
2025-06-17,2025Q1,142,0.9303131630764644,0.1667195,False,0.3266298020245906,0.2746478730548413,0.05198192896974929,1.6051964161963639,1
2025-06-18,2025Q1,142,0.9303131630764644,0.160789,False,0.3177944980514078,0.2670262349843886,0.050768263067019204,1.5483124788744709,1
2025-06-20,2025Q1,142,0.9303131630764644,0.1630225,False,0.3311925224753437,0.2754291043072469,0.05576341816809682,1.5309285922594278,1
2025-06-23,2025Q1,142,0.9303131630764644,0.1525445,False,0.2838184619076243,0.2770000965745289,0.0068183653330953775,1.1894803062799209,1
2025-06-24,2025Q1,142,0.9303131630764644,0.1368265,False,0.2405312908364695,0.2784454021213002,-0.03791411128483069,0.8909819481108917,1
2025-06-25,2025Q1,142,0.9303131630764644,0.1337425,False,0.2233829837403204,0.2005226678544366,0.022860315885883803,1.2514927455069986,1
2025-06-26,2025Q1,143,0.9620240292738408,0.131318,False,0.2148560302650914,0.2163897000311724,-0.0015336697660809917,1.0722770888178266,1
2025-06-27,2025Q1,143,0.9620240292738408,0.129832,False,0.2153912335013358,0.2221369615962989,-0.006745728094963099,1.0221870888556812,1
2025-06-30,2025Q1,114,0.895922347815503,0.1349815,False,0.1642415743351254,0.2349627730203735,-0.0707211986852481,0.622096409320114,1
2025-07-01,2025Q2,117,0.910481811920708,0.136215,False,0.1556978846542806,0.2267292040841017,-0.07103131942982108,0.6204703858096092,1
2025-07-02,2025Q2,117,0.910481811920708,0.1376315,False,0.1615501504981475,0.2259522162870617,-0.06440206578891419,0.6695943409299061,1
2025-07-03,2025Q2,117,0.910481811920708,0.1358805,False,0.1612934358038114,0.2278078307087573,-0.0665143949049459,0.6707384127378635,1
2025-07-07,2025Q2,143,0.9675953480457188,0.1473255,False,0.1820934487643754,0.2037958089632194,-0.021702360198844,0.9646485620287485,1
2025-07-08,2025Q2,143,0.9675953480457188,0.140147,False,0.1665257351525445,0.2021410074942401,-0.03561527234169559,0.8481913683376694,1
2025-07-09,2025Q2,143,0.9675953480457188,0.1312575,False,0.1449847383120739,0.1968326774919087,-0.051847939179834795,0.727916611684915,1
2025-07-10,2025Q2,143,0.9675953480457188,0.1290035,False,0.1391061787023677,0.1465724066893222,-0.00746622798695451,0.9780104598220841,1
2025-07-11,2025Q2,143,0.9675953480457188,0.132817,False,0.147059103394509,0.1420290991585678,0.005030004235941216,1.0210360884841385,1
2025-07-14,2025Q2,143,0.9675953480457188,0.140063,False,0.168495557817315,0.1422654032302368,0.026230154587078225,1.11417078364069,1
2025-07-15,2025Q2,143,0.9675953480457188,0.142362,False,0.173187203946565,0.1417643961760163,0.031422807770548705,1.1084367682104084,1
2025-07-16,2025Q2,143,0.9675953480457188,0.1421305,False,0.1763878015966825,0.1396230652209567,0.036764736375725804,1.1040716001382593,1
2025-07-17,2025Q2,143,0.9675953480457188,0.134166,False,0.1565001168034472,0.1369014309584831,0.019598685844964103,0.9696374549845075,1
2025-07-18,2025Q2,143,0.9675953480457188,0.1318055,False,0.1577459551622429,0.1358081450859529,0.021937810076290004,0.9524770007614255,1
2025-07-21,2025Q2,143,0.9675953480457188,0.1347295,False,0.1710350376480983,0.1311127217854425,0.039922315862655794,1.0257573689017219,1
2025-07-22,2025Q2,143,0.9675953480457188,0.1329925,False,0.1602926498906683,0.1197601653955653,0.040532484495102994,0.9958189427318255,1
2025-07-23,2025Q2,143,0.9675953480457188,0.1240585,False,0.1359459810036365,0.1230599230958194,0.012886057907817106,0.8014166884392575,1
2025-07-24,2025Q2,143,0.9675953480457188,0.1234099999999999,False,0.1516805049198493,0.1183417027104365,0.03333880220941281,0.8955024015986505,1
2025-07-25,2025Q2,143,0.9675953480457188,0.117797,False,0.1435103723939279,0.1187091888304106,0.024801183563517293,0.8158200914434183,1
2025-07-28,2025Q2,117,0.910481811920708,0.1207755,False,0.1280832959257926,0.1212960123203735,0.006787283605419095,0.6779490096805578,1
2025-07-29,2025Q2,117,0.910481811920708,0.126012,False,0.1348494915880547,0.1055029301184776,0.029346561469577107,0.7929011249733832,1
2025-07-30,2025Q2,117,0.910481811920708,0.1269819999999999,False,0.1367176269251514,0.0975166944831216,0.03920093244202981,0.828511834982835,1
2025-07-31,2025Q2,119,0.9141553657380248,0.1328585,False,0.1513215880287631,0.0834541261376285,0.06786746189113461,0.9848403749406756,1
2025-08-01,2025Q2,119,0.9141553657380248,0.1604685,False,0.2374889021039854,0.1246411635683333,0.11284773853565211,1.2413333275747735,1
2025-08-04,2025Q2,119,0.9141553657380248,0.135209,False,0.1789959647348824,0.1427504338480716,0.03624553088681082,0.7083517934605789,1
2025-08-05,2025Q2,119,0.9141553657380248,0.141362,False,0.1967861876941347,0.141532440676349,0.05525374701778571,0.810362450452722,1
2025-08-06,2025Q2,119,0.9141553657380248,0.129907,False,0.1698257555906697,0.1291164601112467,0.04070929547942301,0.685218872890686,1
2025-08-07,2025Q2,119,0.9141553657380248,0.1323424999999999,False,0.1787459752089912,0.125742550576181,0.05300342463281019,0.7542258091648344,1
2025-08-08,2025Q2,119,0.9141553657380248,0.119324,False,0.1511417671444189,0.1248381199171417,0.02630364722727721,0.5358802681427187,1
2025-08-11,2025Q2,143,0.9675953480457188,0.127256,False,0.1758695872818229,0.1225147703600321,0.053354816921790796,0.7430798195288058,1
2025-08-12,2025Q2,143,0.9675953480457188,0.1151325,False,0.1476728051397053,0.1301712412315313,0.017501563908174006,0.4152962155353865,1
2025-08-13,2025Q2,143,0.9675953480457188,0.110969,False,0.1271479863845131,0.1298937372595591,-0.002745750875045999,0.18109213318698,1
2025-08-14,2025Q2,143,0.9675953480457188,0.1119045,False,0.1322376330768509,0.1285764249470339,0.0036612081298170174,0.21132950222330338,1
2025-08-15,2025Q2,143,0.9675953480457188,0.1153425,False,0.1437140352206238,0.1179313838448771,0.025782651375746687,0.4913157017276815,1
2025-08-18,2025Q2,143,0.9675953480457188,0.1184115,False,0.1595426737605009,0.1099876532885287,0.0495550204719722,0.962542871261563,1
2025-08-19,2025Q2,143,0.9675953480457188,0.1224885,False,0.1604520480873651,0.1141294008835589,0.0463226472038062,0.8848629870864319,1
2025-08-20,2025Q2,143,0.9675953480457188,0.126551,False,0.1712980813111408,0.1110604499641525,0.0602376313469883,1.1251474067099572,1
2025-08-21,2025Q2,143,0.9675953480457188,0.1365815,False,0.2013829405642571,0.1149477573477808,0.0864351832164763,1.6418297062275553,1
2025-08-22,2025Q2,143,0.9675953480457188,0.113173,False,0.1439346375645738,0.131522903374459,0.01241173419011482,0.06253071238918888,1
2025-08-25,2025Q2,143,0.9675953480457188,0.1147015,False,0.1403788812369174,0.1345806660543984,0.005798215182519023,-0.13263934228762306,0
2025-08-26,2025Q2,142,0.9655266960184616,0.1127275,False,0.1343292048145716,0.142075845478897,-0.007746640664325399,-0.48416133317171467,0
2025-08-27,2025Q2,141,0.9639451828074952,0.113909,False,0.1391611401937977,0.1433885054085813,-0.004227365214783618,-0.4618840319135663,0
2025-08-28,2025Q2,142,0.9655266960184616,0.1085745,False,0.1500717079238879,0.1446509396468104,0.00542076827707752,-0.25267989976946975,0
2025-08-29,2025Q2,142,0.965676526908,0.115906,False,0.1713807536031315,0.1494707318359335,0.021910021767198,0.1602161336048943,0
